27-Feb-2026 13:16:56.964 INFO [main] org.apache.catalina.startup.VersionLoggerListener.log Server version name:   Apache Tomcat/10.1.46
27-Feb-2026 13:16:57.038 INFO [main] org.apache.catalina.startup.VersionLoggerListener.log Server built:          Sep 8 2025 14:26:21 UTC
27-Feb-2026 13:16:57.038 INFO [main] org.apache.catalina.startup.VersionLoggerListener.log Server version number: 10.1.46.0
27-Feb-2026 13:16:57.038 INFO [main] org.apache.catalina.startup.VersionLoggerListener.log OS Name:               Linux
27-Feb-2026 13:16:57.038 INFO [main] org.apache.catalina.startup.VersionLoggerListener.log OS Version:            5.14.0-570.83.1.el9_6.x86_64
27-Feb-2026 13:16:57.039 INFO [main] org.apache.catalina.startup.VersionLoggerListener.log Architecture:          amd64
27-Feb-2026 13:16:57.039 INFO [main] org.apache.catalina.startup.VersionLoggerListener.log Java Home:             /opt/java/openjdk
27-Feb-2026 13:16:57.039 INFO [main] org.apache.catalina.startup.VersionLoggerListener.log JVM Version:           17.0.16+8
27-Feb-2026 13:16:57.039 INFO [main] org.apache.catalina.startup.VersionLoggerListener.log JVM Vendor:            Eclipse Adoptium
27-Feb-2026 13:16:57.039 INFO [main] org.apache.catalina.startup.VersionLoggerListener.log CATALINA_BASE:         /usr/local/tomcat
27-Feb-2026 13:16:57.040 INFO [main] org.apache.catalina.startup.VersionLoggerListener.log CATALINA_HOME:         /usr/local/tomcat
27-Feb-2026 13:16:57.050 INFO [main] org.apache.catalina.startup.VersionLoggerListener.log Command line argument: -Djava.util.logging.config.file=/usr/local/tomcat/conf/logging.properties
27-Feb-2026 13:16:57.051 INFO [main] org.apache.catalina.startup.VersionLoggerListener.log Command line argument: -Djava.util.logging.manager=org.apache.juli.ClassLoaderLogManager
27-Feb-2026 13:16:57.051 INFO [main] org.apache.catalina.startup.VersionLoggerListener.log Command line argument: -Djdk.tls.ephemeralDHKeySize=2048
27-Feb-2026 13:16:57.051 INFO [main] org.apache.catalina.startup.VersionLoggerListener.log Command line argument: -Djava.protocol.handler.pkgs=org.apache.catalina.webresources
27-Feb-2026 13:16:57.051 INFO [main] org.apache.catalina.startup.VersionLoggerListener.log Command line argument: -Dsun.io.useCanonCaches=false
27-Feb-2026 13:16:57.051 INFO [main] org.apache.catalina.startup.VersionLoggerListener.log Command line argument: -Dorg.apache.catalina.security.SecurityListener.UMASK=0027
27-Feb-2026 13:16:57.052 INFO [main] org.apache.catalina.startup.VersionLoggerListener.log Command line argument: --add-opens=java.base/java.lang=ALL-UNNAMED
27-Feb-2026 13:16:57.052 INFO [main] org.apache.catalina.startup.VersionLoggerListener.log Command line argument: --add-opens=java.base/java.lang.reflect=ALL-UNNAMED
27-Feb-2026 13:16:57.052 INFO [main] org.apache.catalina.startup.VersionLoggerListener.log Command line argument: --add-opens=java.base/java.io=ALL-UNNAMED
27-Feb-2026 13:16:57.052 INFO [main] org.apache.catalina.startup.VersionLoggerListener.log Command line argument: --add-opens=java.base/java.util=ALL-UNNAMED
27-Feb-2026 13:16:57.052 INFO [main] org.apache.catalina.startup.VersionLoggerListener.log Command line argument: --add-opens=java.base/java.util.concurrent=ALL-UNNAMED
27-Feb-2026 13:16:57.052 INFO [main] org.apache.catalina.startup.VersionLoggerListener.log Command line argument: --add-opens=java.rmi/sun.rmi.transport=ALL-UNNAMED
27-Feb-2026 13:16:57.053 INFO [main] org.apache.catalina.startup.VersionLoggerListener.log Command line argument: -XX:InitialRAMPercentage=40.0
27-Feb-2026 13:16:57.053 INFO [main] org.apache.catalina.startup.VersionLoggerListener.log Command line argument: -XX:MaxRAMPercentage=90.0
27-Feb-2026 13:16:57.053 INFO [main] org.apache.catalina.startup.VersionLoggerListener.log Command line argument: -XX:+UseContainerSupport
27-Feb-2026 13:16:57.053 INFO [main] org.apache.catalina.startup.VersionLoggerListener.log Command line argument: -Djavax.net.ssl.trustStore=/opt/certs/tcm-truststore.jks
27-Feb-2026 13:16:57.053 INFO [main] org.apache.catalina.startup.VersionLoggerListener.log Command line argument: -Dcatalina.base=/usr/local/tomcat
27-Feb-2026 13:16:57.053 INFO [main] org.apache.catalina.startup.VersionLoggerListener.log Command line argument: -Dcatalina.home=/usr/local/tomcat
27-Feb-2026 13:16:57.054 INFO [main] org.apache.catalina.startup.VersionLoggerListener.log Command line argument: -Djava.io.tmpdir=/usr/local/tomcat/temp
27-Feb-2026 13:16:57.057 INFO [main] org.apache.catalina.core.AprLifecycleListener.lifecycleEvent Loaded Apache Tomcat Native library [2.0.9] using APR version [1.7.2].
27-Feb-2026 13:16:57.134 INFO [main] org.apache.catalina.core.AprLifecycleListener.initializeSSL OpenSSL successfully initialized [OpenSSL 3.0.13 30 Jan 2024]
27-Feb-2026 13:16:57.952 INFO [main] org.apache.coyote.AbstractProtocol.init Initializing ProtocolHandler ["http-nio-8080"]
27-Feb-2026 13:16:58.035 INFO [main] org.apache.catalina.startup.Catalina.load Server initialization in [1582] milliseconds
27-Feb-2026 13:16:58.137 INFO [main] org.apache.catalina.core.StandardService.startInternal Starting service [Catalina]
27-Feb-2026 13:16:58.137 INFO [main] org.apache.catalina.core.StandardEngine.startInternal Starting Servlet engine: [Apache Tomcat/10.1.46]
27-Feb-2026 13:16:58.141 SEVERE [main] org.apache.catalina.startup.HostConfig.beforeStart Unable to create directory for deployment: [/usr/local/tomcat/conf/Catalina/localhost]
27-Feb-2026 13:16:58.162 INFO [main] org.apache.catalina.startup.HostConfig.deployWAR Deploying web application archive [/usr/local/tomcat/webapps/ROOT.war]
27-Feb-2026 13:17:13.771 INFO [main] org.apache.jasper.servlet.TldScanner.scanJars At least one JAR was scanned for TLDs yet contained no TLDs. Enable debug logging for this logger for a complete list of JARs that were scanned but no TLDs were found in them. Skipping unneeded JARs during scanning can improve startup time and JSP compilation time.

  .   ____          _            __ _ _
 /\\ / ___'_ __ _ _(_)_ __  __ _ \ \ \ \
( ( )\___ | '_ | '_| | '_ \/ _` | \ \ \ \
 \\/  ___)| |_)| | | | | || (_| |  ) ) ) )
  '  |____| .__|_| |_|_| |_\__, | / / / /
 =========|_|==============|___/=/_/_/_/

 :: Spring Boot ::                (v3.5.7)

2026-02-27T13:17:16.243-03:00  INFO 1 --- [           main] t.diarias.api.util.ServletInitializer    : Starting ServletInitializer v1.06.000-SNAPSHOT using Java 17.0.16 with PID 1 (/usr/local/tomcat/webapps/ROOT/WEB-INF/classes started by 1001 in /usr/local/tomcat)
2026-02-27T13:17:16.247-03:00  INFO 1 --- [           main] t.diarias.api.util.ServletInitializer    : No active profile set, falling back to 1 default profile: "default"
2026-02-27T13:17:20.242-03:00  INFO 1 --- [           main] w.s.c.ServletWebServerApplicationContext : Root WebApplicationContext: initialization completed in 3875 ms
2026-02-27T13:17:23.050-03:00  INFO 1 --- [           main] o.s.b.a.e.web.EndpointLinksResolver      : Exposing 1 endpoint beneath base path '/actuator'
2026-02-27T13:17:23.845-03:00  INFO 1 --- [           main] o.hibernate.jpa.internal.util.LogHelper  : HHH000204: Processing PersistenceUnitInfo [name: SCR_ONLINE]
2026-02-27T13:17:24.060-03:00  INFO 1 --- [           main] org.hibernate.Version                    : HHH000412: Hibernate ORM core version 6.6.33.Final
2026-02-27T13:17:24.236-03:00  INFO 1 --- [           main] o.h.c.internal.RegionFactoryInitiator    : HHH000026: Second-level cache disabled
2026-02-27T13:17:25.149-03:00  INFO 1 --- [           main] o.h.e.j.c.i.ConnectionProviderInitiator  : HHH000130: Instantiating explicit connection provider: org.hibernate.c3p0.internal.C3P0ConnectionProvider
2026-02-27T13:17:25.156-03:00  WARN 1 --- [           main] o.h.orm.connections.pooling.c3p0         : HHH010001: Both hibernate-style property 'hibernate.c3p0.timeout' and c3p0-style property 'hibernate.c3p0.maxIdleTime' have been set in Hibernate properties.  Hibernate-style property 'hibernate.c3p0.timeout' will be used and c3p0-style property 'hibernate.c3p0.maxIdleTime' will be ignored!
2026-02-27T13:17:25.237-03:00  INFO 1 --- [g-Init-Reporter] com.mchange.v2.log.MLog                  : MLog clients using slf4j logging.
2026-02-27T13:17:25.364-03:00  INFO 1 --- [           main] com.mchange.v2.c3p0.C3P0Registry         : Initializing c3p0-0.9.5.5 [built 11-December-2019 22:18:33 -0800; debug? true; trace: 10]
2026-02-27T13:17:25.567-03:00  INFO 1 --- [           main] c.m.v.c.i.AbstractPoolBackedDataSource   : Initializing c3p0 pool... com.mchange.v2.c3p0.PoolBackedDataSource@573ca9c0 [ connectionPoolDataSource -> com.mchange.v2.c3p0.WrapperConnectionPoolDataSource@e33fcd06 [ acquireIncrement -> 2, acquireRetryAttempts -> 5, acquireRetryDelay -> 1000, autoCommitOnClose -> false, automaticTestTable -> null, breakAfterAcquireFailure -> false, checkoutTimeout -> 0, connectionCustomizerClassName -> null, connectionTesterClassName -> com.mchange.v2.c3p0.impl.DefaultConnectionTester, contextClassLoaderSource -> caller, debugUnreturnedConnectionStackTraces -> false, factoryClassLocation -> null, forceIgnoreUnresolvedTransactions -> false, forceSynchronousCheckins -> false, identityToken -> 2wzz0lbg18d3p5h1v9tgpf|78538183, idleConnectionTestPeriod -> 300, initialPoolSize -> 2, maxAdministrativeTaskTime -> 0, maxConnectionAge -> 1200, maxIdleTime -> 300, maxIdleTimeExcessConnections -> 0, maxPoolSize -> 100, maxStatements -> 50, maxStatementsPerConnection -> 0, minPoolSize -> 2, nestedDataSource -> com.mchange.v2.c3p0.DriverManagerDataSource@c881874b [ description -> null, driverClass -> null, factoryClassLocation -> null, forceUseNamedDriverClass -> false, identityToken -> 2wzz0lbg18d3p5h1v9tgpf|64faa3be, jdbcUrl -> jdbc:jtds:sqlserver://sgbd.dev.tcmba.net/BD_TCM_SCR;appName=SCR_JTDS;progName=SCR_JTDS;autoCommit=false;sendStringParametersAsUnicode=false, properties -> {password=******, user=******} ], preferredTestQuery -> select 1;, privilegeSpawnedThreads -> false, propertyCycle -> 0, statementCacheNumDeferredCloseThreads -> 0, testConnectionOnCheckin -> false, testConnectionOnCheckout -> true, unreturnedConnectionTimeout -> 0, usesTraditionalReflectiveProxies -> false; userOverrides: {} ], dataSourceName -> null, extensions -> {}, factoryClassLocation -> null, identityToken -> 2wzz0lbg18d3p5h1v9tgpf|424e7e84, numHelperThreads -> 5 ]
2026-02-27T13:17:26.221-03:00  WARN 1 --- [           main] org.hibernate.orm.deprecation            : HHH90000025: SQLServerDialect does not need to be specified explicitly using 'hibernate.dialect' (remove the property setting and it will be selected by default)
2026-02-27T13:17:26.378-03:00  INFO 1 --- [           main] org.hibernate.orm.connections.pooling    : HHH10001005: Database info:
	Database JDBC URL [jdbc:jtds:sqlserver://sgbd.dev.tcmba.net/BD_TCM_SCR;appName=SCR_JTDS;progName=SCR_JTDS;autoCommit=false;sendStringParametersAsUnicode=false]
	Database driver: net.sourceforge.jtds.jdbc.Driver
	Database version: 11.0
	Autocommit mode: false
	Isolation level: READ_COMMITTED
	Minimum pool size: 2
	Maximum pool size: 100
2026-02-27T13:17:33.137-03:00  INFO 1 --- [           main] o.h.e.t.j.p.i.JtaPlatformInitiator       : HHH000489: No JTA platform available (set 'hibernate.transaction.jta.platform' to enable JTA platform integration)
2026-02-27T13:17:38.841-03:00  INFO 1 --- [           main] o.s.v.b.OptionalValidatorFactoryBean     : Failed to set up a Bean Validation provider: jakarta.validation.NoProviderFoundException: Unable to create a Configuration, because no Jakarta Bean Validation provider could be found. Add a provider like Hibernate Validator (RI) to your classpath.
2026-02-27T13:17:40.257-03:00  INFO 1 --- [           main] t.diarias.api.util.ServletInitializer    : Started ServletInitializer in 25.887 seconds (process running for 44.334)
27-Feb-2026 13:17:41.058 INFO [main] org.apache.catalina.startup.HostConfig.deployWAR Deployment of web application archive [/usr/local/tomcat/webapps/ROOT.war] has finished in [42,896] ms
27-Feb-2026 13:17:41.062 INFO [main] org.apache.coyote.AbstractProtocol.start Starting ProtocolHandler ["http-nio-8080"]
27-Feb-2026 13:17:41.073 INFO [main] org.apache.catalina.startup.Catalina.start Server startup in [43037] milliseconds
2026-02-27T13:17:41.349-03:00  INFO 1 --- [nio-8080-exec-2] o.s.web.servlet.DispatcherServlet        : Initializing Servlet 'dispatcherServlet'
2026-02-27T13:17:41.351-03:00  INFO 1 --- [nio-8080-exec-2] o.s.web.servlet.DispatcherServlet        : Completed initialization in 1 ms
27-Feb-2026 13:17:42.236 SEVERE [http-nio-8080-exec-3] tcmba.utils.core.exception.AmbienteException.registrarLog Login '1001' - Um erro não esperado ocorreu. Por favor, entre em contato com o suporte técnico.
	org.springframework.web.context.request.async.AsyncRequestNotUsableException: ServletOutputStream failed to write: java.io.IOException: Broken pipe
		at org.springframework.web.context.request.async.StandardServletAsyncWebRequest$LifecycleHttpServletResponse.handleIOException(StandardServletAsyncWebRequest.java:346)
		at org.springframework.web.context.request.async.StandardServletAsyncWebRequest$LifecycleServletOutputStream.write(StandardServletAsyncWebRequest.java:404)
		at java.base/java.io.OutputStream.write(OutputStream.java:127)
		at org.springframework.util.StreamUtils.copy(StreamUtils.java:119)
		at org.springframework.http.converter.ByteArrayHttpMessageConverter.writeInternal(ByteArrayHttpMessageConverter.java:67)
		at org.springframework.http.converter.ByteArrayHttpMessageConverter.writeInternal(ByteArrayHttpMessageConverter.java:38)
		at org.springframework.http.converter.AbstractHttpMessageConverter.write(AbstractHttpMessageConverter.java:235)
		at org.springframework.web.servlet.mvc.method.annotation.AbstractMessageConverterMethodProcessor.writeWithMessageConverters(AbstractMessageConverterMethodProcessor.java:344)
		at org.springframework.web.servlet.mvc.method.annotation.HttpEntityMethodProcessor.handleReturnValue(HttpEntityMethodProcessor.java:263)
		at org.springframework.web.servlet.mvc.method.annotation.ResponseEntityReturnValueHandler.handleReturnValue(ResponseEntityReturnValueHandler.java:79)
		at org.springframework.web.method.support.HandlerMethodReturnValueHandlerComposite.handleReturnValue(HandlerMethodReturnValueHandlerComposite.java:78)
		at org.springframework.web.servlet.mvc.method.annotation.ServletInvocableHandlerMethod.invokeAndHandle(ServletInvocableHandlerMethod.java:136)
		at org.springframework.web.servlet.mvc.method.annotation.RequestMappingHandlerAdapter.invokeHandlerMethod(RequestMappingHandlerAdapter.java:991)
		at org.springframework.web.servlet.mvc.method.annotation.RequestMappingHandlerAdapter.handleInternal(RequestMappingHandlerAdapter.java:896)
		at org.springframework.web.servlet.mvc.method.AbstractHandlerMethodAdapter.handle(AbstractHandlerMethodAdapter.java:87)
		at org.springframework.web.servlet.DispatcherServlet.doDispatch(DispatcherServlet.java:1089)
		at org.springframework.web.servlet.DispatcherServlet.doService(DispatcherServlet.java:979)
		at org.springframework.web.servlet.FrameworkServlet.processRequest(FrameworkServlet.java:1014)
		at org.springframework.web.servlet.FrameworkServlet.doGet(FrameworkServlet.java:903)
		at jakarta.servlet.http.HttpServlet.service(HttpServlet.java:564)
		at org.springframework.web.servlet.FrameworkServlet.service(FrameworkServlet.java:885)
		at jakarta.servlet.http.HttpServlet.service(HttpServlet.java:658)
		at org.apache.catalina.core.ApplicationFilterChain.internalDoFilter(ApplicationFilterChain.java:195)
		at org.apache.catalina.core.ApplicationFilterChain.doFilter(ApplicationFilterChain.java:140)
		at org.apache.tomcat.websocket.server.WsFilter.doFilter(WsFilter.java:51)
		at org.apache.catalina.core.ApplicationFilterChain.internalDoFilter(ApplicationFilterChain.java:164)
		at org.apache.catalina.core.ApplicationFilterChain.doFilter(ApplicationFilterChain.java:140)
		at org.springframework.web.filter.CompositeFilter$VirtualFilterChain.doFilter(CompositeFilter.java:108)
		at org.springframework.web.filter.CompositeFilter$VirtualFilterChain.doFilter(CompositeFilter.java:108)
		at org.springframework.security.web.FilterChainProxy.lambda$doFilterInternal$3(FilterChainProxy.java:231)
		at org.springframework.security.web.ObservationFilterChainDecorator$FilterObservation$SimpleFilterObservation.lambda$wrap$1(ObservationFilterChainDecorator.java:490)
		at org.springframework.security.web.ObservationFilterChainDecorator$AroundFilterObservation$SimpleAroundFilterObservation.lambda$wrap$1(ObservationFilterChainDecorator.java:351)
		at org.springframework.security.web.ObservationFilterChainDecorator.lambda$wrapSecured$0(ObservationFilterChainDecorator.java:83)
		at org.springframework.security.web.ObservationFilterChainDecorator$VirtualFilterChain.doFilter(ObservationFilterChainDecorator.java:129)
		at org.springframework.security.web.access.intercept.AuthorizationFilter.doFilter(AuthorizationFilter.java:101)
		at org.springframework.security.web.ObservationFilterChainDecorator$ObservationFilter.wrapFilter(ObservationFilterChainDecorator.java:241)
		at org.springframework.security.web.ObservationFilterChainDecorator$ObservationFilter.doFilter(ObservationFilterChainDecorator.java:228)
		at org.springframework.security.web.ObservationFilterChainDecorator$VirtualFilterChain.doFilter(ObservationFilterChainDecorator.java:138)
		at org.springframework.security.web.access.ExceptionTranslationFilter.doFilter(ExceptionTranslationFilter.java:125)
		at org.springframework.security.web.access.ExceptionTranslationFilter.doFilter(ExceptionTranslationFilter.java:119)
		at org.springframework.security.web.ObservationFilterChainDecorator$ObservationFilter.wrapFilter(ObservationFilterChainDecorator.java:241)
		at org.springframework.security.web.ObservationFilterChainDecorator$ObservationFilter.doFilter(ObservationFilterChainDecorator.java:228)
		at org.springframework.security.web.ObservationFilterChainDecorator$VirtualFilterChain.doFilter(ObservationFilterChainDecorator.java:138)
		at org.springframework.security.web.authentication.AnonymousAuthenticationFilter.doFilter(AnonymousAuthenticationFilter.java:100)
		at org.springframework.security.web.ObservationFilterChainDecorator$ObservationFilter.wrapFilter(ObservationFilterChainDecorator.java:241)
		at org.springframework.security.web.ObservationFilterChainDecorator$ObservationFilter.doFilter(ObservationFilterChainDecorator.java:228)
		at org.springframework.security.web.ObservationFilterChainDecorator$VirtualFilterChain.doFilter(ObservationFilterChainDecorator.java:138)
		at org.springframework.security.web.servletapi.SecurityContextHolderAwareRequestFilter.doFilter(SecurityContextHolderAwareRequestFilter.java:179)
		at org.springframework.security.web.ObservationFilterChainDecorator$ObservationFilter.wrapFilter(ObservationFilterChainDecorator.java:241)
		at org.springframework.security.web.ObservationFilterChainDecorator$ObservationFilter.doFilter(ObservationFilterChainDecorator.java:228)
		at org.springframework.security.web.ObservationFilterChainDecorator$VirtualFilterChain.doFilter(ObservationFilterChainDecorator.java:138)
		at org.springframework.security.web.savedrequest.RequestCacheAwareFilter.doFilter(RequestCacheAwareFilter.java:63)
		at org.springframework.security.web.ObservationFilterChainDecorator$ObservationFilter.wrapFilter(ObservationFilterChainDecorator.java:241)
		at org.springframework.security.web.ObservationFilterChainDecorator$ObservationFilter.doFilter(ObservationFilterChainDecorator.java:228)
		at org.springframework.security.web.ObservationFilterChainDecorator$VirtualFilterChain.doFilter(ObservationFilterChainDecorator.java:138)
		at org.springframework.security.web.authentication.AuthenticationFilter.doFilterInternal(AuthenticationFilter.java:177)
		at org.springframework.web.filter.OncePerRequestFilter.doFilter(OncePerRequestFilter.java:116)
		at org.springframework.security.web.ObservationFilterChainDecorator$ObservationFilter.wrapFilter(ObservationFilterChainDecorator.java:241)
		at org.springframework.security.web.ObservationFilterChainDecorator$ObservationFilter.doFilter(ObservationFilterChainDecorator.java:228)
		at org.springframework.security.web.ObservationFilterChainDecorator$VirtualFilterChain.doFilter(ObservationFilterChainDecorator.java:138)
		at org.springframework.security.oauth2.server.resource.web.authentication.BearerTokenAuthenticationFilter.doFilterInternal(BearerTokenAuthenticationFilter.java:135)
		at org.springframework.web.filter.OncePerRequestFilter.doFilter(OncePerRequestFilter.java:116)
		at org.springframework.security.web.ObservationFilterChainDecorator$ObservationFilter.wrapFilter(ObservationFilterChainDecorator.java:241)
		at org.springframework.security.web.ObservationFilterChainDecorator$ObservationFilter.doFilter(ObservationFilterChainDecorator.java:228)
		at org.springframework.security.web.ObservationFilterChainDecorator$VirtualFilterChain.doFilter(ObservationFilterChainDecorator.java:138)
		at org.springframework.security.web.authentication.logout.LogoutFilter.doFilter(LogoutFilter.java:107)
		at org.springframework.security.web.authentication.logout.LogoutFilter.doFilter(LogoutFilter.java:93)
		at org.springframework.security.web.ObservationFilterChainDecorator$ObservationFilter.wrapFilter(ObservationFilterChainDecorator.java:241)
		at org.springframework.security.web.ObservationFilterChainDecorator$ObservationFilter.doFilter(ObservationFilterChainDecorator.java:228)
		at org.springframework.security.web.ObservationFilterChainDecorator$VirtualFilterChain.doFilter(ObservationFilterChainDecorator.java:138)
		at org.springframework.web.filter.CorsFilter.doFilterInternal(CorsFilter.java:91)
		at org.springframework.web.filter.OncePerRequestFilter.doFilter(OncePerRequestFilter.java:116)
		at org.springframework.security.web.ObservationFilterChainDecorator$ObservationFilter.wrapFilter(ObservationFilterChainDecorator.java:241)
		at org.springframework.security.web.ObservationFilterChainDecorator$ObservationFilter.doFilter(ObservationFilterChainDecorator.java:228)
		at org.springframework.security.web.ObservationFilterChainDecorator$VirtualFilterChain.doFilter(ObservationFilterChainDecorator.java:138)
		at org.springframework.security.web.header.HeaderWriterFilter.doHeadersAfter(HeaderWriterFilter.java:90)
		at org.springframework.security.web.header.HeaderWriterFilter.doFilterInternal(HeaderWriterFilter.java:75)
		at org.springframework.web.filter.OncePerRequestFilter.doFilter(OncePerRequestFilter.java:116)
		at org.springframework.security.web.ObservationFilterChainDecorator$ObservationFilter.wrapFilter(ObservationFilterChainDecorator.java:241)
		at org.springframework.security.web.ObservationFilterChainDecorator$ObservationFilter.doFilter(ObservationFilterChainDecorator.java:228)
		at org.springframework.security.web.ObservationFilterChainDecorator$VirtualFilterChain.doFilter(ObservationFilterChainDecorator.java:138)
		at org.springframework.security.web.context.SecurityContextHolderFilter.doFilter(SecurityContextHolderFilter.java:82)
		at org.springframework.security.web.context.SecurityContextHolderFilter.doFilter(SecurityContextHolderFilter.java:69)
		at org.springframework.security.web.ObservationFilterChainDecorator$ObservationFilter.wrapFilter(ObservationFilterChainDecorator.java:241)
		at org.springframework.security.web.ObservationFilterChainDecorator$ObservationFilter.doFilter(ObservationFilterChainDecorator.java:228)
		at org.springframework.security.web.ObservationFilterChainDecorator$VirtualFilterChain.doFilter(ObservationFilterChainDecorator.java:138)
		at org.springframework.security.web.context.request.async.WebAsyncManagerIntegrationFilter.doFilterInternal(WebAsyncManagerIntegrationFilter.java:62)
		at org.springframework.web.filter.OncePerRequestFilter.doFilter(OncePerRequestFilter.java:116)
		at org.springframework.security.web.ObservationFilterChainDecorator$ObservationFilter.wrapFilter(ObservationFilterChainDecorator.java:241)
		at org.springframework.security.web.ObservationFilterChainDecorator$ObservationFilter.doFilter(ObservationFilterChainDecorator.java:228)
		at org.springframework.security.web.ObservationFilterChainDecorator$VirtualFilterChain.doFilter(ObservationFilterChainDecorator.java:138)
		at org.springframework.security.web.session.DisableEncodeUrlFilter.doFilterInternal(DisableEncodeUrlFilter.java:42)
		at org.springframework.web.filter.OncePerRequestFilter.doFilter(OncePerRequestFilter.java:116)
		at org.springframework.security.web.ObservationFilterChainDecorator$ObservationFilter.wrapFilter(ObservationFilterChainDecorator.java:241)
		at org.springframework.security.web.ObservationFilterChainDecorator$AroundFilterObservation$SimpleAroundFilterObservation.lambda$wrap$0(ObservationFilterChainDecorator.java:334)
		at org.springframework.security.web.ObservationFilterChainDecorator$ObservationFilter.doFilter(ObservationFilterChainDecorator.java:225)
		at org.springframework.security.web.ObservationFilterChainDecorator$VirtualFilterChain.doFilter(ObservationFilterChainDecorator.java:138)
		at org.springframework.security.web.FilterChainProxy.doFilterInternal(FilterChainProxy.java:233)
		at org.springframework.security.web.FilterChainProxy.doFilter(FilterChainProxy.java:191)
		at org.springframework.web.filter.CompositeFilter$VirtualFilterChain.doFilter(CompositeFilter.java:113)
		at org.springframework.web.filter.ServletRequestPathFilter.doFilter(ServletRequestPathFilter.java:52)
		at org.springframework.web.filter.CompositeFilter$VirtualFilterChain.doFilter(CompositeFilter.java:113)
		at org.springframework.web.filter.CompositeFilter.doFilter(CompositeFilter.java:74)
		at org.springframework.security.config.annotation.web.configuration.WebSecurityConfiguration$CompositeFilterChainProxy.doFilter(WebSecurityConfiguration.java:319)
		at org.springframework.web.filter.CompositeFilter$VirtualFilterChain.doFilter(CompositeFilter.java:113)
		at org.springframework.web.servlet.handler.HandlerMappingIntrospector.lambda$createCacheFilter$4(HandlerMappingIntrospector.java:267)
		at org.springframework.web.filter.CompositeFilter$VirtualFilterChain.doFilter(CompositeFilter.java:113)
		at org.springframework.web.filter.CompositeFilter.doFilter(CompositeFilter.java:74)
		at org.springframework.security.config.annotation.web.configuration.WebMvcSecurityConfiguration$CompositeFilterChainProxy.doFilter(WebMvcSecurityConfiguration.java:240)
		at org.springframework.web.filter.DelegatingFilterProxy.invokeDelegate(DelegatingFilterProxy.java:362)
		at org.springframework.web.filter.DelegatingFilterProxy.doFilter(DelegatingFilterProxy.java:278)
		at org.apache.catalina.core.ApplicationFilterChain.internalDoFilter(ApplicationFilterChain.java:164)
		at org.apache.catalina.core.ApplicationFilterChain.doFilter(ApplicationFilterChain.java:140)
		at org.springframework.web.filter.ServerHttpObservationFilter.doFilterInternal(ServerHttpObservationFilter.java:110)
		at org.springframework.web.filter.OncePerRequestFilter.doFilter(OncePerRequestFilter.java:116)
		at org.apache.catalina.core.ApplicationFilterChain.internalDoFilter(ApplicationFilterChain.java:164)
		at org.apache.catalina.core.ApplicationFilterChain.doFilter(ApplicationFilterChain.java:140)
		at org.springframework.boot.web.servlet.support.ErrorPageFilter.doFilter(ErrorPageFilter.java:124)
		at org.springframework.boot.web.servlet.support.ErrorPageFilter$1.doFilterInternal(ErrorPageFilter.java:99)
		at org.springframework.web.filter.OncePerRequestFilter.doFilter(OncePerRequestFilter.java:116)
		at org.springframework.boot.web.servlet.support.ErrorPageFilter.doFilter(ErrorPageFilter.java:117)
		at org.apache.catalina.core.ApplicationFilterChain.internalDoFilter(ApplicationFilterChain.java:164)
		at org.apache.catalina.core.ApplicationFilterChain.doFilter(ApplicationFilterChain.java:140)
		at org.springframework.web.filter.CharacterEncodingFilter.doFilterInternal(CharacterEncodingFilter.java:201)
		at org.springframework.web.filter.OncePerRequestFilter.doFilter(OncePerRequestFilter.java:116)
		at org.apache.catalina.core.ApplicationFilterChain.internalDoFilter(ApplicationFilterChain.java:164)
		at org.apache.catalina.core.ApplicationFilterChain.doFilter(ApplicationFilterChain.java:140)
		at org.apache.catalina.core.StandardWrapperValve.invoke(StandardWrapperValve.java:167)
		at org.apache.catalina.core.StandardContextValve.invoke(StandardContextValve.java:90)
		at org.apache.catalina.authenticator.AuthenticatorBase.invoke(AuthenticatorBase.java:483)
		at org.apache.catalina.core.StandardHostValve.invoke(StandardHostValve.java:116)
		at org.apache.catalina.valves.ErrorReportValve.invoke(ErrorReportValve.java:93)
		at org.apache.catalina.valves.AbstractAccessLogValve.invoke(AbstractAccessLogValve.java:666)
		at org.apache.catalina.core.StandardEngineValve.invoke(StandardEngineValve.java:74)
		at org.apache.catalina.connector.CoyoteAdapter.service(CoyoteAdapter.java:344)
		at org.apache.coyote.http11.Http11Processor.service(Http11Processor.java:398)
		at org.apache.coyote.AbstractProcessorLight.process(AbstractProcessorLight.java:63)
		at org.apache.coyote.AbstractProtocol$ConnectionHandler.process(AbstractProtocol.java:903)
		at org.apache.tomcat.util.net.NioEndpoint$SocketProcessor.doRun(NioEndpoint.java:1776)
		at org.apache.tomcat.util.net.SocketProcessorBase.run(SocketProcessorBase.java:52)
		at org.apache.tomcat.util.threads.ThreadPoolExecutor.runWorker(ThreadPoolExecutor.java:975)
		at org.apache.tomcat.util.threads.ThreadPoolExecutor$Worker.run(ThreadPoolExecutor.java:493)
		at org.apache.tomcat.util.threads.TaskThread$WrappingRunnable.run(TaskThread.java:63)
		at java.base/java.lang.Thread.run(Thread.java:840)
	Caused by: org.apache.catalina.connector.ClientAbortException: java.io.IOException: Broken pipe
		at org.apache.catalina.connector.OutputBuffer.realWriteBytes(OutputBuffer.java:342)
		at org.apache.catalina.connector.OutputBuffer.appendByteArray(OutputBuffer.java:747)
		at org.apache.catalina.connector.OutputBuffer.append(OutputBuffer.java:668)
		at org.apache.catalina.connector.OutputBuffer.writeBytes(OutputBuffer.java:377)
		at org.apache.catalina.connector.OutputBuffer.write(OutputBuffer.java:355)
		at org.apache.catalina.connector.CoyoteOutputStream.write(CoyoteOutputStream.java:102)
		at org.springframework.security.web.util.OnCommittedResponseWrapper$SaveContextServletOutputStream.write(OnCommittedResponseWrapper.java:639)
		at org.springframework.web.context.request.async.StandardServletAsyncWebRequest$LifecycleServletOutputStream.write(StandardServletAsyncWebRequest.java:401)
		... 142 more
	Caused by: java.io.IOException: Broken pipe
		at java.base/sun.nio.ch.FileDispatcherImpl.write0(Native Method)
		at java.base/sun.nio.ch.SocketDispatcher.write(SocketDispatcher.java:62)
		at java.base/sun.nio.ch.IOUtil.writeFromNativeBuffer(IOUtil.java:132)
		at java.base/sun.nio.ch.IOUtil.write(IOUtil.java:97)
		at java.base/sun.nio.ch.IOUtil.write(IOUtil.java:53)
		at java.base/sun.nio.ch.SocketChannelImpl.write(SocketChannelImpl.java:532)
		at org.apache.tomcat.util.net.NioChannel.write(NioChannel.java:125)
		at org.apache.tomcat.util.net.NioEndpoint$NioSocketWrapper.doWrite(NioEndpoint.java:1415)
		at org.apache.tomcat.util.net.SocketWrapperBase.doWrite(SocketWrapperBase.java:732)
		at org.apache.tomcat.util.net.SocketWrapperBase.writeBlocking(SocketWrapperBase.java:572)
		at org.apache.tomcat.util.net.SocketWrapperBase.write(SocketWrapperBase.java:520)
		at org.apache.coyote.http11.Http11OutputBuffer$SocketOutputBuffer.doWrite(Http11OutputBuffer.java:548)
		at org.apache.coyote.http11.filters.IdentityOutputFilter.doWrite(IdentityOutputFilter.java:73)
		at org.apache.coyote.http11.Http11OutputBuffer.doWrite(Http11OutputBuffer.java:193)
		at org.apache.coyote.Response.doWrite(Response.java:628)
		at org.apache.catalina.connector.OutputBuffer.realWriteBytes(OutputBuffer.java:330)
		... 149 more
27-Feb-2026 13:17:42.237 SEVERE [http-nio-8080-exec-4] tcmba.utils.core.exception.AmbienteException.registrarLog Login '1001' - Um erro não esperado ocorreu. Por favor, entre em contato com o suporte técnico.
	org.springframework.web.context.request.async.AsyncRequestNotUsableException: ServletOutputStream failed to write: java.io.IOException: Broken pipe
		at org.springframework.web.context.request.async.StandardServletAsyncWebRequest$LifecycleHttpServletResponse.handleIOException(StandardServletAsyncWebRequest.java:346)
		at org.springframework.web.context.request.async.StandardServletAsyncWebRequest$LifecycleServletOutputStream.write(StandardServletAsyncWebRequest.java:404)
		at java.base/java.io.OutputStream.write(OutputStream.java:127)
		at org.springframework.util.StreamUtils.copy(StreamUtils.java:119)
		at org.springframework.http.converter.ByteArrayHttpMessageConverter.writeInternal(ByteArrayHttpMessageConverter.java:67)
		at org.springframework.http.converter.ByteArrayHttpMessageConverter.writeInternal(ByteArrayHttpMessageConverter.java:38)
		at org.springframework.http.converter.AbstractHttpMessageConverter.write(AbstractHttpMessageConverter.java:235)
		at org.springframework.web.servlet.mvc.method.annotation.AbstractMessageConverterMethodProcessor.writeWithMessageConverters(AbstractMessageConverterMethodProcessor.java:344)
		at org.springframework.web.servlet.mvc.method.annotation.HttpEntityMethodProcessor.handleReturnValue(HttpEntityMethodProcessor.java:263)
		at org.springframework.web.servlet.mvc.method.annotation.ResponseEntityReturnValueHandler.handleReturnValue(ResponseEntityReturnValueHandler.java:79)
		at org.springframework.web.method.support.HandlerMethodReturnValueHandlerComposite.handleReturnValue(HandlerMethodReturnValueHandlerComposite.java:78)
		at org.springframework.web.servlet.mvc.method.annotation.ServletInvocableHandlerMethod.invokeAndHandle(ServletInvocableHandlerMethod.java:136)
		at org.springframework.web.servlet.mvc.method.annotation.RequestMappingHandlerAdapter.invokeHandlerMethod(RequestMappingHandlerAdapter.java:991)
		at org.springframework.web.servlet.mvc.method.annotation.RequestMappingHandlerAdapter.handleInternal(RequestMappingHandlerAdapter.java:896)
		at org.springframework.web.servlet.mvc.method.AbstractHandlerMethodAdapter.handle(AbstractHandlerMethodAdapter.java:87)
		at org.springframework.web.servlet.DispatcherServlet.doDispatch(DispatcherServlet.java:1089)
		at org.springframework.web.servlet.DispatcherServlet.doService(DispatcherServlet.java:979)
		at org.springframework.web.servlet.FrameworkServlet.processRequest(FrameworkServlet.java:1014)
		at org.springframework.web.servlet.FrameworkServlet.doGet(FrameworkServlet.java:903)
		at jakarta.servlet.http.HttpServlet.service(HttpServlet.java:564)
		at org.springframework.web.servlet.FrameworkServlet.service(FrameworkServlet.java:885)
		at jakarta.servlet.http.HttpServlet.service(HttpServlet.java:658)
		at org.apache.catalina.core.ApplicationFilterChain.internalDoFilter(ApplicationFilterChain.java:195)
		at org.apache.catalina.core.ApplicationFilterChain.doFilter(ApplicationFilterChain.java:140)
		at org.apache.tomcat.websocket.server.WsFilter.doFilter(WsFilter.java:51)
		at org.apache.catalina.core.ApplicationFilterChain.internalDoFilter(ApplicationFilterChain.java:164)
		at org.apache.catalina.core.ApplicationFilterChain.doFilter(ApplicationFilterChain.java:140)
		at org.springframework.web.filter.CompositeFilter$VirtualFilterChain.doFilter(CompositeFilter.java:108)
		at org.springframework.web.filter.CompositeFilter$VirtualFilterChain.doFilter(CompositeFilter.java:108)
		at org.springframework.security.web.FilterChainProxy.lambda$doFilterInternal$3(FilterChainProxy.java:231)
		at org.springframework.security.web.ObservationFilterChainDecorator$FilterObservation$SimpleFilterObservation.lambda$wrap$1(ObservationFilterChainDecorator.java:490)
		at org.springframework.security.web.ObservationFilterChainDecorator$AroundFilterObservation$SimpleAroundFilterObservation.lambda$wrap$1(ObservationFilterChainDecorator.java:351)
		at org.springframework.security.web.ObservationFilterChainDecorator.lambda$wrapSecured$0(ObservationFilterChainDecorator.java:83)
		at org.springframework.security.web.ObservationFilterChainDecorator$VirtualFilterChain.doFilter(ObservationFilterChainDecorator.java:129)
		at org.springframework.security.web.access.intercept.AuthorizationFilter.doFilter(AuthorizationFilter.java:101)
		at org.springframework.security.web.ObservationFilterChainDecorator$ObservationFilter.wrapFilter(ObservationFilterChainDecorator.java:241)
		at org.springframework.security.web.ObservationFilterChainDecorator$ObservationFilter.doFilter(ObservationFilterChainDecorator.java:228)
		at org.springframework.security.web.ObservationFilterChainDecorator$VirtualFilterChain.doFilter(ObservationFilterChainDecorator.java:138)
		at org.springframework.security.web.access.ExceptionTranslationFilter.doFilter(ExceptionTranslationFilter.java:125)
		at org.springframework.security.web.access.ExceptionTranslationFilter.doFilter(ExceptionTranslationFilter.java:119)
		at org.springframework.security.web.ObservationFilterChainDecorator$ObservationFilter.wrapFilter(ObservationFilterChainDecorator.java:241)
		at org.springframework.security.web.ObservationFilterChainDecorator$ObservationFilter.doFilter(ObservationFilterChainDecorator.java:228)
		at org.springframework.security.web.ObservationFilterChainDecorator$VirtualFilterChain.doFilter(ObservationFilterChainDecorator.java:138)
		at org.springframework.security.web.authentication.AnonymousAuthenticationFilter.doFilter(AnonymousAuthenticationFilter.java:100)
		at org.springframework.security.web.ObservationFilterChainDecorator$ObservationFilter.wrapFilter(ObservationFilterChainDecorator.java:241)
		at org.springframework.security.web.ObservationFilterChainDecorator$ObservationFilter.doFilter(ObservationFilterChainDecorator.java:228)
		at org.springframework.security.web.ObservationFilterChainDecorator$VirtualFilterChain.doFilter(ObservationFilterChainDecorator.java:138)
		at org.springframework.security.web.servletapi.SecurityContextHolderAwareRequestFilter.doFilter(SecurityContextHolderAwareRequestFilter.java:179)
		at org.springframework.security.web.ObservationFilterChainDecorator$ObservationFilter.wrapFilter(ObservationFilterChainDecorator.java:241)
		at org.springframework.security.web.ObservationFilterChainDecorator$ObservationFilter.doFilter(ObservationFilterChainDecorator.java:228)
		at org.springframework.security.web.ObservationFilterChainDecorator$VirtualFilterChain.doFilter(ObservationFilterChainDecorator.java:138)
		at org.springframework.security.web.savedrequest.RequestCacheAwareFilter.doFilter(RequestCacheAwareFilter.java:63)
		at org.springframework.security.web.ObservationFilterChainDecorator$ObservationFilter.wrapFilter(ObservationFilterChainDecorator.java:241)
		at org.springframework.security.web.ObservationFilterChainDecorator$ObservationFilter.doFilter(ObservationFilterChainDecorator.java:228)
		at org.springframework.security.web.ObservationFilterChainDecorator$VirtualFilterChain.doFilter(ObservationFilterChainDecorator.java:138)
		at org.springframework.security.web.authentication.AuthenticationFilter.doFilterInternal(AuthenticationFilter.java:177)
		at org.springframework.web.filter.OncePerRequestFilter.doFilter(OncePerRequestFilter.java:116)
		at org.springframework.security.web.ObservationFilterChainDecorator$ObservationFilter.wrapFilter(ObservationFilterChainDecorator.java:241)
		at org.springframework.security.web.ObservationFilterChainDecorator$ObservationFilter.doFilter(ObservationFilterChainDecorator.java:228)
		at org.springframework.security.web.ObservationFilterChainDecorator$VirtualFilterChain.doFilter(ObservationFilterChainDecorator.java:138)
		at org.springframework.security.oauth2.server.resource.web.authentication.BearerTokenAuthenticationFilter.doFilterInternal(BearerTokenAuthenticationFilter.java:135)
		at org.springframework.web.filter.OncePerRequestFilter.doFilter(OncePerRequestFilter.java:116)
		at org.springframework.security.web.ObservationFilterChainDecorator$ObservationFilter.wrapFilter(ObservationFilterChainDecorator.java:241)
		at org.springframework.security.web.ObservationFilterChainDecorator$ObservationFilter.doFilter(ObservationFilterChainDecorator.java:228)
		at org.springframework.security.web.ObservationFilterChainDecorator$VirtualFilterChain.doFilter(ObservationFilterChainDecorator.java:138)
		at org.springframework.security.web.authentication.logout.LogoutFilter.doFilter(LogoutFilter.java:107)
		at org.springframework.security.web.authentication.logout.LogoutFilter.doFilter(LogoutFilter.java:93)
		at org.springframework.security.web.ObservationFilterChainDecorator$ObservationFilter.wrapFilter(ObservationFilterChainDecorator.java:241)
		at org.springframework.security.web.ObservationFilterChainDecorator$ObservationFilter.doFilter(ObservationFilterChainDecorator.java:228)
		at org.springframework.security.web.ObservationFilterChainDecorator$VirtualFilterChain.doFilter(ObservationFilterChainDecorator.java:138)
		at org.springframework.web.filter.CorsFilter.doFilterInternal(CorsFilter.java:91)
		at org.springframework.web.filter.OncePerRequestFilter.doFilter(OncePerRequestFilter.java:116)
		at org.springframework.security.web.ObservationFilterChainDecorator$ObservationFilter.wrapFilter(ObservationFilterChainDecorator.java:241)
		at org.springframework.security.web.ObservationFilterChainDecorator$ObservationFilter.doFilter(ObservationFilterChainDecorator.java:228)
		at org.springframework.security.web.ObservationFilterChainDecorator$VirtualFilterChain.doFilter(ObservationFilterChainDecorator.java:138)
		at org.springframework.security.web.header.HeaderWriterFilter.doHeadersAfter(HeaderWriterFilter.java:90)
		at org.springframework.security.web.header.HeaderWriterFilter.doFilterInternal(HeaderWriterFilter.java:75)
		at org.springframework.web.filter.OncePerRequestFilter.doFilter(OncePerRequestFilter.java:116)
		at org.springframework.security.web.ObservationFilterChainDecorator$ObservationFilter.wrapFilter(ObservationFilterChainDecorator.java:241)
		at org.springframework.security.web.ObservationFilterChainDecorator$ObservationFilter.doFilter(ObservationFilterChainDecorator.java:228)
		at org.springframework.security.web.ObservationFilterChainDecorator$VirtualFilterChain.doFilter(ObservationFilterChainDecorator.java:138)
		at org.springframework.security.web.context.SecurityContextHolderFilter.doFilter(SecurityContextHolderFilter.java:82)
		at org.springframework.security.web.context.SecurityContextHolderFilter.doFilter(SecurityContextHolderFilter.java:69)
		at org.springframework.security.web.ObservationFilterChainDecorator$ObservationFilter.wrapFilter(ObservationFilterChainDecorator.java:241)
		at org.springframework.security.web.ObservationFilterChainDecorator$ObservationFilter.doFilter(ObservationFilterChainDecorator.java:228)
		at org.springframework.security.web.ObservationFilterChainDecorator$VirtualFilterChain.doFilter(ObservationFilterChainDecorator.java:138)
		at org.springframework.security.web.context.request.async.WebAsyncManagerIntegrationFilter.doFilterInternal(WebAsyncManagerIntegrationFilter.java:62)
		at org.springframework.web.filter.OncePerRequestFilter.doFilter(OncePerRequestFilter.java:116)
		at org.springframework.security.web.ObservationFilterChainDecorator$ObservationFilter.wrapFilter(ObservationFilterChainDecorator.java:241)
		at org.springframework.security.web.ObservationFilterChainDecorator$ObservationFilter.doFilter(ObservationFilterChainDecorator.java:228)
		at org.springframework.security.web.ObservationFilterChainDecorator$VirtualFilterChain.doFilter(ObservationFilterChainDecorator.java:138)
		at org.springframework.security.web.session.DisableEncodeUrlFilter.doFilterInternal(DisableEncodeUrlFilter.java:42)
		at org.springframework.web.filter.OncePerRequestFilter.doFilter(OncePerRequestFilter.java:116)
		at org.springframework.security.web.ObservationFilterChainDecorator$ObservationFilter.wrapFilter(ObservationFilterChainDecorator.java:241)
		at org.springframework.security.web.ObservationFilterChainDecorator$AroundFilterObservation$SimpleAroundFilterObservation.lambda$wrap$0(ObservationFilterChainDecorator.java:334)
		at org.springframework.security.web.ObservationFilterChainDecorator$ObservationFilter.doFilter(ObservationFilterChainDecorator.java:225)
		at org.springframework.security.web.ObservationFilterChainDecorator$VirtualFilterChain.doFilter(ObservationFilterChainDecorator.java:138)
		at org.springframework.security.web.FilterChainProxy.doFilterInternal(FilterChainProxy.java:233)
		at org.springframework.security.web.FilterChainProxy.doFilter(FilterChainProxy.java:191)
		at org.springframework.web.filter.CompositeFilter$VirtualFilterChain.doFilter(CompositeFilter.java:113)
		at org.springframework.web.filter.ServletRequestPathFilter.doFilter(ServletRequestPathFilter.java:52)
		at org.springframework.web.filter.CompositeFilter$VirtualFilterChain.doFilter(CompositeFilter.java:113)
		at org.springframework.web.filter.CompositeFilter.doFilter(CompositeFilter.java:74)
		at org.springframework.security.config.annotation.web.configuration.WebSecurityConfiguration$CompositeFilterChainProxy.doFilter(WebSecurityConfiguration.java:319)
		at org.springframework.web.filter.CompositeFilter$VirtualFilterChain.doFilter(CompositeFilter.java:113)
		at org.springframework.web.servlet.handler.HandlerMappingIntrospector.lambda$createCacheFilter$4(HandlerMappingIntrospector.java:267)
		at org.springframework.web.filter.CompositeFilter$VirtualFilterChain.doFilter(CompositeFilter.java:113)
		at org.springframework.web.filter.CompositeFilter.doFilter(CompositeFilter.java:74)
		at org.springframework.security.config.annotation.web.configuration.WebMvcSecurityConfiguration$CompositeFilterChainProxy.doFilter(WebMvcSecurityConfiguration.java:240)
		at org.springframework.web.filter.DelegatingFilterProxy.invokeDelegate(DelegatingFilterProxy.java:362)
		at org.springframework.web.filter.DelegatingFilterProxy.doFilter(DelegatingFilterProxy.java:278)
		at org.apache.catalina.core.ApplicationFilterChain.internalDoFilter(ApplicationFilterChain.java:164)
		at org.apache.catalina.core.ApplicationFilterChain.doFilter(ApplicationFilterChain.java:140)
		at org.springframework.web.filter.ServerHttpObservationFilter.doFilterInternal(ServerHttpObservationFilter.java:110)
		at org.springframework.web.filter.OncePerRequestFilter.doFilter(OncePerRequestFilter.java:116)
		at org.apache.catalina.core.ApplicationFilterChain.internalDoFilter(ApplicationFilterChain.java:164)
		at org.apache.catalina.core.ApplicationFilterChain.doFilter(ApplicationFilterChain.java:140)
		at org.springframework.boot.web.servlet.support.ErrorPageFilter.doFilter(ErrorPageFilter.java:124)
		at org.springframework.boot.web.servlet.support.ErrorPageFilter$1.doFilterInternal(ErrorPageFilter.java:99)
		at org.springframework.web.filter.OncePerRequestFilter.doFilter(OncePerRequestFilter.java:116)
		at org.springframework.boot.web.servlet.support.ErrorPageFilter.doFilter(ErrorPageFilter.java:117)
		at org.apache.catalina.core.ApplicationFilterChain.internalDoFilter(ApplicationFilterChain.java:164)
		at org.apache.catalina.core.ApplicationFilterChain.doFilter(ApplicationFilterChain.java:140)
		at org.springframework.web.filter.CharacterEncodingFilter.doFilterInternal(CharacterEncodingFilter.java:201)
		at org.springframework.web.filter.OncePerRequestFilter.doFilter(OncePerRequestFilter.java:116)
		at org.apache.catalina.core.ApplicationFilterChain.internalDoFilter(ApplicationFilterChain.java:164)
		at org.apache.catalina.core.ApplicationFilterChain.doFilter(ApplicationFilterChain.java:140)
		at org.apache.catalina.core.StandardWrapperValve.invoke(StandardWrapperValve.java:167)
		at org.apache.catalina.core.StandardContextValve.invoke(StandardContextValve.java:90)
		at org.apache.catalina.authenticator.AuthenticatorBase.invoke(AuthenticatorBase.java:483)
		at org.apache.catalina.core.StandardHostValve.invoke(StandardHostValve.java:116)
		at org.apache.catalina.valves.ErrorReportValve.invoke(ErrorReportValve.java:93)
		at org.apache.catalina.valves.AbstractAccessLogValve.invoke(AbstractAccessLogValve.java:666)
		at org.apache.catalina.core.StandardEngineValve.invoke(StandardEngineValve.java:74)
		at org.apache.catalina.connector.CoyoteAdapter.service(CoyoteAdapter.java:344)
		at org.apache.coyote.http11.Http11Processor.service(Http11Processor.java:398)
		at org.apache.coyote.AbstractProcessorLight.process(AbstractProcessorLight.java:63)
		at org.apache.coyote.AbstractProtocol$ConnectionHandler.process(AbstractProtocol.java:903)
		at org.apache.tomcat.util.net.NioEndpoint$SocketProcessor.doRun(NioEndpoint.java:1776)
		at org.apache.tomcat.util.net.SocketProcessorBase.run(SocketProcessorBase.java:52)
		at org.apache.tomcat.util.threads.ThreadPoolExecutor.runWorker(ThreadPoolExecutor.java:975)
		at org.apache.tomcat.util.threads.ThreadPoolExecutor$Worker.run(ThreadPoolExecutor.java:493)
		at org.apache.tomcat.util.threads.TaskThread$WrappingRunnable.run(TaskThread.java:63)
		at java.base/java.lang.Thread.run(Thread.java:840)
	Caused by: org.apache.catalina.connector.ClientAbortException: java.io.IOException: Broken pipe
		at org.apache.catalina.connector.OutputBuffer.realWriteBytes(OutputBuffer.java:342)
		at org.apache.catalina.connector.OutputBuffer.appendByteArray(OutputBuffer.java:747)
		at org.apache.catalina.connector.OutputBuffer.append(OutputBuffer.java:668)
		at org.apache.catalina.connector.OutputBuffer.writeBytes(OutputBuffer.java:377)
		at org.apache.catalina.connector.OutputBuffer.write(OutputBuffer.java:355)
		at org.apache.catalina.connector.CoyoteOutputStream.write(CoyoteOutputStream.java:102)
		at org.springframework.security.web.util.OnCommittedResponseWrapper$SaveContextServletOutputStream.write(OnCommittedResponseWrapper.java:639)
		at org.springframework.web.context.request.async.StandardServletAsyncWebRequest$LifecycleServletOutputStream.write(StandardServletAsyncWebRequest.java:401)
		... 142 more
	Caused by: java.io.IOException: Broken pipe
		at java.base/sun.nio.ch.FileDispatcherImpl.write0(Native Method)
		at java.base/sun.nio.ch.SocketDispatcher.write(SocketDispatcher.java:62)
		at java.base/sun.nio.ch.IOUtil.writeFromNativeBuffer(IOUtil.java:132)
		at java.base/sun.nio.ch.IOUtil.write(IOUtil.java:97)
		at java.base/sun.nio.ch.IOUtil.write(IOUtil.java:53)
		at java.base/sun.nio.ch.SocketChannelImpl.write(SocketChannelImpl.java:532)
		at org.apache.tomcat.util.net.NioChannel.write(NioChannel.java:125)
		at org.apache.tomcat.util.net.NioEndpoint$NioSocketWrapper.doWrite(NioEndpoint.java:1415)
		at org.apache.tomcat.util.net.SocketWrapperBase.doWrite(SocketWrapperBase.java:732)
		at org.apache.tomcat.util.net.SocketWrapperBase.writeBlocking(SocketWrapperBase.java:572)
		at org.apache.tomcat.util.net.SocketWrapperBase.write(SocketWrapperBase.java:520)
		at org.apache.coyote.http11.Http11OutputBuffer$SocketOutputBuffer.doWrite(Http11OutputBuffer.java:548)
		at org.apache.coyote.http11.filters.IdentityOutputFilter.doWrite(IdentityOutputFilter.java:73)
		at org.apache.coyote.http11.Http11OutputBuffer.doWrite(Http11OutputBuffer.java:193)
		at org.apache.coyote.Response.doWrite(Response.java:628)
		at org.apache.catalina.connector.OutputBuffer.realWriteBytes(OutputBuffer.java:330)
		... 149 more
27-Feb-2026 13:17:42.237 SEVERE [http-nio-8080-exec-1] tcmba.utils.core.exception.AmbienteException.registrarLog Login '1001' - Um erro não esperado ocorreu. Por favor, entre em contato com o suporte técnico.
	org.springframework.web.context.request.async.AsyncRequestNotUsableException: ServletOutputStream failed to write: java.io.IOException: Broken pipe
		at org.springframework.web.context.request.async.StandardServletAsyncWebRequest$LifecycleHttpServletResponse.handleIOException(StandardServletAsyncWebRequest.java:346)
		at org.springframework.web.context.request.async.StandardServletAsyncWebRequest$LifecycleServletOutputStream.write(StandardServletAsyncWebRequest.java:404)
		at java.base/java.io.OutputStream.write(OutputStream.java:127)
		at org.springframework.util.StreamUtils.copy(StreamUtils.java:119)
		at org.springframework.http.converter.ByteArrayHttpMessageConverter.writeInternal(ByteArrayHttpMessageConverter.java:67)
		at org.springframework.http.converter.ByteArrayHttpMessageConverter.writeInternal(ByteArrayHttpMessageConverter.java:38)
		at org.springframework.http.converter.AbstractHttpMessageConverter.write(AbstractHttpMessageConverter.java:235)
		at org.springframework.web.servlet.mvc.method.annotation.AbstractMessageConverterMethodProcessor.writeWithMessageConverters(AbstractMessageConverterMethodProcessor.java:344)
		at org.springframework.web.servlet.mvc.method.annotation.HttpEntityMethodProcessor.handleReturnValue(HttpEntityMethodProcessor.java:263)
		at org.springframework.web.servlet.mvc.method.annotation.ResponseEntityReturnValueHandler.handleReturnValue(ResponseEntityReturnValueHandler.java:79)
		at org.springframework.web.method.support.HandlerMethodReturnValueHandlerComposite.handleReturnValue(HandlerMethodReturnValueHandlerComposite.java:78)
		at org.springframework.web.servlet.mvc.method.annotation.ServletInvocableHandlerMethod.invokeAndHandle(ServletInvocableHandlerMethod.java:136)
		at org.springframework.web.servlet.mvc.method.annotation.RequestMappingHandlerAdapter.invokeHandlerMethod(RequestMappingHandlerAdapter.java:991)
		at org.springframework.web.servlet.mvc.method.annotation.RequestMappingHandlerAdapter.handleInternal(RequestMappingHandlerAdapter.java:896)
		at org.springframework.web.servlet.mvc.method.AbstractHandlerMethodAdapter.handle(AbstractHandlerMethodAdapter.java:87)
		at org.springframework.web.servlet.DispatcherServlet.doDispatch(DispatcherServlet.java:1089)
		at org.springframework.web.servlet.DispatcherServlet.doService(DispatcherServlet.java:979)
		at org.springframework.web.servlet.FrameworkServlet.processRequest(FrameworkServlet.java:1014)
		at org.springframework.web.servlet.FrameworkServlet.doGet(FrameworkServlet.java:903)
		at jakarta.servlet.http.HttpServlet.service(HttpServlet.java:564)
		at org.springframework.web.servlet.FrameworkServlet.service(FrameworkServlet.java:885)
		at jakarta.servlet.http.HttpServlet.service(HttpServlet.java:658)
		at org.apache.catalina.core.ApplicationFilterChain.internalDoFilter(ApplicationFilterChain.java:195)
		at org.apache.catalina.core.ApplicationFilterChain.doFilter(ApplicationFilterChain.java:140)
		at org.apache.tomcat.websocket.server.WsFilter.doFilter(WsFilter.java:51)
		at org.apache.catalina.core.ApplicationFilterChain.internalDoFilter(ApplicationFilterChain.java:164)
		at org.apache.catalina.core.ApplicationFilterChain.doFilter(ApplicationFilterChain.java:140)
		at org.springframework.web.filter.CompositeFilter$VirtualFilterChain.doFilter(CompositeFilter.java:108)
		at org.springframework.web.filter.CompositeFilter$VirtualFilterChain.doFilter(CompositeFilter.java:108)
		at org.springframework.security.web.FilterChainProxy.lambda$doFilterInternal$3(FilterChainProxy.java:231)
		at org.springframework.security.web.ObservationFilterChainDecorator$FilterObservation$SimpleFilterObservation.lambda$wrap$1(ObservationFilterChainDecorator.java:490)
		at org.springframework.security.web.ObservationFilterChainDecorator$AroundFilterObservation$SimpleAroundFilterObservation.lambda$wrap$1(ObservationFilterChainDecorator.java:351)
		at org.springframework.security.web.ObservationFilterChainDecorator.lambda$wrapSecured$0(ObservationFilterChainDecorator.java:83)
		at org.springframework.security.web.ObservationFilterChainDecorator$VirtualFilterChain.doFilter(ObservationFilterChainDecorator.java:129)
		at org.springframework.security.web.access.intercept.AuthorizationFilter.doFilter(AuthorizationFilter.java:101)
		at org.springframework.security.web.ObservationFilterChainDecorator$ObservationFilter.wrapFilter(ObservationFilterChainDecorator.java:241)
		at org.springframework.security.web.ObservationFilterChainDecorator$ObservationFilter.doFilter(ObservationFilterChainDecorator.java:228)
		at org.springframework.security.web.ObservationFilterChainDecorator$VirtualFilterChain.doFilter(ObservationFilterChainDecorator.java:138)
		at org.springframework.security.web.access.ExceptionTranslationFilter.doFilter(ExceptionTranslationFilter.java:125)
		at org.springframework.security.web.access.ExceptionTranslationFilter.doFilter(ExceptionTranslationFilter.java:119)
		at org.springframework.security.web.ObservationFilterChainDecorator$ObservationFilter.wrapFilter(ObservationFilterChainDecorator.java:241)
		at org.springframework.security.web.ObservationFilterChainDecorator$ObservationFilter.doFilter(ObservationFilterChainDecorator.java:228)
		at org.springframework.security.web.ObservationFilterChainDecorator$VirtualFilterChain.doFilter(ObservationFilterChainDecorator.java:138)
		at org.springframework.security.web.authentication.AnonymousAuthenticationFilter.doFilter(AnonymousAuthenticationFilter.java:100)
		at org.springframework.security.web.ObservationFilterChainDecorator$ObservationFilter.wrapFilter(ObservationFilterChainDecorator.java:241)
		at org.springframework.security.web.ObservationFilterChainDecorator$ObservationFilter.doFilter(ObservationFilterChainDecorator.java:228)
		at org.springframework.security.web.ObservationFilterChainDecorator$VirtualFilterChain.doFilter(ObservationFilterChainDecorator.java:138)
		at org.springframework.security.web.servletapi.SecurityContextHolderAwareRequestFilter.doFilter(SecurityContextHolderAwareRequestFilter.java:179)
		at org.springframework.security.web.ObservationFilterChainDecorator$ObservationFilter.wrapFilter(ObservationFilterChainDecorator.java:241)
		at org.springframework.security.web.ObservationFilterChainDecorator$ObservationFilter.doFilter(ObservationFilterChainDecorator.java:228)
		at org.springframework.security.web.ObservationFilterChainDecorator$VirtualFilterChain.doFilter(ObservationFilterChainDecorator.java:138)
		at org.springframework.security.web.savedrequest.RequestCacheAwareFilter.doFilter(RequestCacheAwareFilter.java:63)
		at org.springframework.security.web.ObservationFilterChainDecorator$ObservationFilter.wrapFilter(ObservationFilterChainDecorator.java:241)
		at org.springframework.security.web.ObservationFilterChainDecorator$ObservationFilter.doFilter(ObservationFilterChainDecorator.java:228)
		at org.springframework.security.web.ObservationFilterChainDecorator$VirtualFilterChain.doFilter(ObservationFilterChainDecorator.java:138)
		at org.springframework.security.web.authentication.AuthenticationFilter.doFilterInternal(AuthenticationFilter.java:177)
		at org.springframework.web.filter.OncePerRequestFilter.doFilter(OncePerRequestFilter.java:116)
		at org.springframework.security.web.ObservationFilterChainDecorator$ObservationFilter.wrapFilter(ObservationFilterChainDecorator.java:241)
		at org.springframework.security.web.ObservationFilterChainDecorator$ObservationFilter.doFilter(ObservationFilterChainDecorator.java:228)
		at org.springframework.security.web.ObservationFilterChainDecorator$VirtualFilterChain.doFilter(ObservationFilterChainDecorator.java:138)
		at org.springframework.security.oauth2.server.resource.web.authentication.BearerTokenAuthenticationFilter.doFilterInternal(BearerTokenAuthenticationFilter.java:135)
		at org.springframework.web.filter.OncePerRequestFilter.doFilter(OncePerRequestFilter.java:116)
		at org.springframework.security.web.ObservationFilterChainDecorator$ObservationFilter.wrapFilter(ObservationFilterChainDecorator.java:241)
		at org.springframework.security.web.ObservationFilterChainDecorator$ObservationFilter.doFilter(ObservationFilterChainDecorator.java:228)
		at org.springframework.security.web.ObservationFilterChainDecorator$VirtualFilterChain.doFilter(ObservationFilterChainDecorator.java:138)
		at org.springframework.security.web.authentication.logout.LogoutFilter.doFilter(LogoutFilter.java:107)
		at org.springframework.security.web.authentication.logout.LogoutFilter.doFilter(LogoutFilter.java:93)
		at org.springframework.security.web.ObservationFilterChainDecorator$ObservationFilter.wrapFilter(ObservationFilterChainDecorator.java:241)
		at org.springframework.security.web.ObservationFilterChainDecorator$ObservationFilter.doFilter(ObservationFilterChainDecorator.java:228)
		at org.springframework.security.web.ObservationFilterChainDecorator$VirtualFilterChain.doFilter(ObservationFilterChainDecorator.java:138)
		at org.springframework.web.filter.CorsFilter.doFilterInternal(CorsFilter.java:91)
		at org.springframework.web.filter.OncePerRequestFilter.doFilter(OncePerRequestFilter.java:116)
		at org.springframework.security.web.ObservationFilterChainDecorator$ObservationFilter.wrapFilter(ObservationFilterChainDecorator.java:241)
		at org.springframework.security.web.ObservationFilterChainDecorator$ObservationFilter.doFilter(ObservationFilterChainDecorator.java:228)
		at org.springframework.security.web.ObservationFilterChainDecorator$VirtualFilterChain.doFilter(ObservationFilterChainDecorator.java:138)
		at org.springframework.security.web.header.HeaderWriterFilter.doHeadersAfter(HeaderWriterFilter.java:90)
		at org.springframework.security.web.header.HeaderWriterFilter.doFilterInternal(HeaderWriterFilter.java:75)
		at org.springframework.web.filter.OncePerRequestFilter.doFilter(OncePerRequestFilter.java:116)
		at org.springframework.security.web.ObservationFilterChainDecorator$ObservationFilter.wrapFilter(ObservationFilterChainDecorator.java:241)
		at org.springframework.security.web.ObservationFilterChainDecorator$ObservationFilter.doFilter(ObservationFilterChainDecorator.java:228)
		at org.springframework.security.web.ObservationFilterChainDecorator$VirtualFilterChain.doFilter(ObservationFilterChainDecorator.java:138)
		at org.springframework.security.web.context.SecurityContextHolderFilter.doFilter(SecurityContextHolderFilter.java:82)
		at org.springframework.security.web.context.SecurityContextHolderFilter.doFilter(SecurityContextHolderFilter.java:69)
		at org.springframework.security.web.ObservationFilterChainDecorator$ObservationFilter.wrapFilter(ObservationFilterChainDecorator.java:241)
		at org.springframework.security.web.ObservationFilterChainDecorator$ObservationFilter.doFilter(ObservationFilterChainDecorator.java:228)
		at org.springframework.security.web.ObservationFilterChainDecorator$VirtualFilterChain.doFilter(ObservationFilterChainDecorator.java:138)
		at org.springframework.security.web.context.request.async.WebAsyncManagerIntegrationFilter.doFilterInternal(WebAsyncManagerIntegrationFilter.java:62)
		at org.springframework.web.filter.OncePerRequestFilter.doFilter(OncePerRequestFilter.java:116)
		at org.springframework.security.web.ObservationFilterChainDecorator$ObservationFilter.wrapFilter(ObservationFilterChainDecorator.java:241)
		at org.springframework.security.web.ObservationFilterChainDecorator$ObservationFilter.doFilter(ObservationFilterChainDecorator.java:228)
		at org.springframework.security.web.ObservationFilterChainDecorator$VirtualFilterChain.doFilter(ObservationFilterChainDecorator.java:138)
		at org.springframework.security.web.session.DisableEncodeUrlFilter.doFilterInternal(DisableEncodeUrlFilter.java:42)
		at org.springframework.web.filter.OncePerRequestFilter.doFilter(OncePerRequestFilter.java:116)
		at org.springframework.security.web.ObservationFilterChainDecorator$ObservationFilter.wrapFilter(ObservationFilterChainDecorator.java:241)
		at org.springframework.security.web.ObservationFilterChainDecorator$AroundFilterObservation$SimpleAroundFilterObservation.lambda$wrap$0(ObservationFilterChainDecorator.java:334)
		at org.springframework.security.web.ObservationFilterChainDecorator$ObservationFilter.doFilter(ObservationFilterChainDecorator.java:225)
		at org.springframework.security.web.ObservationFilterChainDecorator$VirtualFilterChain.doFilter(ObservationFilterChainDecorator.java:138)
		at org.springframework.security.web.FilterChainProxy.doFilterInternal(FilterChainProxy.java:233)
		at org.springframework.security.web.FilterChainProxy.doFilter(FilterChainProxy.java:191)
		at org.springframework.web.filter.CompositeFilter$VirtualFilterChain.doFilter(CompositeFilter.java:113)
		at org.springframework.web.filter.ServletRequestPathFilter.doFilter(ServletRequestPathFilter.java:52)
		at org.springframework.web.filter.CompositeFilter$VirtualFilterChain.doFilter(CompositeFilter.java:113)
		at org.springframework.web.filter.CompositeFilter.doFilter(CompositeFilter.java:74)
		at org.springframework.security.config.annotation.web.configuration.WebSecurityConfiguration$CompositeFilterChainProxy.doFilter(WebSecurityConfiguration.java:319)
		at org.springframework.web.filter.CompositeFilter$VirtualFilterChain.doFilter(CompositeFilter.java:113)
		at org.springframework.web.servlet.handler.HandlerMappingIntrospector.lambda$createCacheFilter$4(HandlerMappingIntrospector.java:267)
		at org.springframework.web.filter.CompositeFilter$VirtualFilterChain.doFilter(CompositeFilter.java:113)
		at org.springframework.web.filter.CompositeFilter.doFilter(CompositeFilter.java:74)
		at org.springframework.security.config.annotation.web.configuration.WebMvcSecurityConfiguration$CompositeFilterChainProxy.doFilter(WebMvcSecurityConfiguration.java:240)
		at org.springframework.web.filter.DelegatingFilterProxy.invokeDelegate(DelegatingFilterProxy.java:362)
		at org.springframework.web.filter.DelegatingFilterProxy.doFilter(DelegatingFilterProxy.java:278)
		at org.apache.catalina.core.ApplicationFilterChain.internalDoFilter(ApplicationFilterChain.java:164)
		at org.apache.catalina.core.ApplicationFilterChain.doFilter(ApplicationFilterChain.java:140)
		at org.springframework.web.filter.ServerHttpObservationFilter.doFilterInternal(ServerHttpObservationFilter.java:110)
		at org.springframework.web.filter.OncePerRequestFilter.doFilter(OncePerRequestFilter.java:116)
		at org.apache.catalina.core.ApplicationFilterChain.internalDoFilter(ApplicationFilterChain.java:164)
		at org.apache.catalina.core.ApplicationFilterChain.doFilter(ApplicationFilterChain.java:140)
		at org.springframework.boot.web.servlet.support.ErrorPageFilter.doFilter(ErrorPageFilter.java:124)
		at org.springframework.boot.web.servlet.support.ErrorPageFilter$1.doFilterInternal(ErrorPageFilter.java:99)
		at org.springframework.web.filter.OncePerRequestFilter.doFilter(OncePerRequestFilter.java:116)
		at org.springframework.boot.web.servlet.support.ErrorPageFilter.doFilter(ErrorPageFilter.java:117)
		at org.apache.catalina.core.ApplicationFilterChain.internalDoFilter(ApplicationFilterChain.java:164)
		at org.apache.catalina.core.ApplicationFilterChain.doFilter(ApplicationFilterChain.java:140)
		at org.springframework.web.filter.CharacterEncodingFilter.doFilterInternal(CharacterEncodingFilter.java:201)
		at org.springframework.web.filter.OncePerRequestFilter.doFilter(OncePerRequestFilter.java:116)
		at org.apache.catalina.core.ApplicationFilterChain.internalDoFilter(ApplicationFilterChain.java:164)
		at org.apache.catalina.core.ApplicationFilterChain.doFilter(ApplicationFilterChain.java:140)
		at org.apache.catalina.core.StandardWrapperValve.invoke(StandardWrapperValve.java:167)
		at org.apache.catalina.core.StandardContextValve.invoke(StandardContextValve.java:90)
		at org.apache.catalina.authenticator.AuthenticatorBase.invoke(AuthenticatorBase.java:483)
		at org.apache.catalina.core.StandardHostValve.invoke(StandardHostValve.java:116)
		at org.apache.catalina.valves.ErrorReportValve.invoke(ErrorReportValve.java:93)
		at org.apache.catalina.valves.AbstractAccessLogValve.invoke(AbstractAccessLogValve.java:666)
		at org.apache.catalina.core.StandardEngineValve.invoke(StandardEngineValve.java:74)
		at org.apache.catalina.connector.CoyoteAdapter.service(CoyoteAdapter.java:344)
		at org.apache.coyote.http11.Http11Processor.service(Http11Processor.java:398)
		at org.apache.coyote.AbstractProcessorLight.process(AbstractProcessorLight.java:63)
		at org.apache.coyote.AbstractProtocol$ConnectionHandler.process(AbstractProtocol.java:903)
		at org.apache.tomcat.util.net.NioEndpoint$SocketProcessor.doRun(NioEndpoint.java:1776)
		at org.apache.tomcat.util.net.SocketProcessorBase.run(SocketProcessorBase.java:52)
		at org.apache.tomcat.util.threads.ThreadPoolExecutor.runWorker(ThreadPoolExecutor.java:975)
		at org.apache.tomcat.util.threads.ThreadPoolExecutor$Worker.run(ThreadPoolExecutor.java:493)
		at org.apache.tomcat.util.threads.TaskThread$WrappingRunnable.run(TaskThread.java:63)
		at java.base/java.lang.Thread.run(Thread.java:840)
	Caused by: org.apache.catalina.connector.ClientAbortException: java.io.IOException: Broken pipe
		at org.apache.catalina.connector.OutputBuffer.realWriteBytes(OutputBuffer.java:342)
		at org.apache.catalina.connector.OutputBuffer.appendByteArray(OutputBuffer.java:747)
		at org.apache.catalina.connector.OutputBuffer.append(OutputBuffer.java:668)
		at org.apache.catalina.connector.OutputBuffer.writeBytes(OutputBuffer.java:377)
		at org.apache.catalina.connector.OutputBuffer.write(OutputBuffer.java:355)
		at org.apache.catalina.connector.CoyoteOutputStream.write(CoyoteOutputStream.java:102)
		at org.springframework.security.web.util.OnCommittedResponseWrapper$SaveContextServletOutputStream.write(OnCommittedResponseWrapper.java:639)
		at org.springframework.web.context.request.async.StandardServletAsyncWebRequest$LifecycleServletOutputStream.write(StandardServletAsyncWebRequest.java:401)
		... 142 more
	Caused by: java.io.IOException: Broken pipe
		at java.base/sun.nio.ch.FileDispatcherImpl.write0(Native Method)
		at java.base/sun.nio.ch.SocketDispatcher.write(SocketDispatcher.java:62)
		at java.base/sun.nio.ch.IOUtil.writeFromNativeBuffer(IOUtil.java:132)
		at java.base/sun.nio.ch.IOUtil.write(IOUtil.java:97)
		at java.base/sun.nio.ch.IOUtil.write(IOUtil.java:53)
		at java.base/sun.nio.ch.SocketChannelImpl.write(SocketChannelImpl.java:532)
		at org.apache.tomcat.util.net.NioChannel.write(NioChannel.java:125)
		at org.apache.tomcat.util.net.NioEndpoint$NioSocketWrapper.doWrite(NioEndpoint.java:1415)
		at org.apache.tomcat.util.net.SocketWrapperBase.doWrite(SocketWrapperBase.java:732)
		at org.apache.tomcat.util.net.SocketWrapperBase.writeBlocking(SocketWrapperBase.java:572)
		at org.apache.tomcat.util.net.SocketWrapperBase.write(SocketWrapperBase.java:520)
		at org.apache.coyote.http11.Http11OutputBuffer$SocketOutputBuffer.doWrite(Http11OutputBuffer.java:548)
		at org.apache.coyote.http11.filters.IdentityOutputFilter.doWrite(IdentityOutputFilter.java:73)
		at org.apache.coyote.http11.Http11OutputBuffer.doWrite(Http11OutputBuffer.java:193)
		at org.apache.coyote.Response.doWrite(Response.java:628)
		at org.apache.catalina.connector.OutputBuffer.realWriteBytes(OutputBuffer.java:330)
		... 149 more
2026-02-27T13:17:42.252-03:00  WARN 1 --- [nio-8080-exec-4] .m.m.a.ExceptionHandlerExceptionResolver : Failure in @ExceptionHandler tcmba.diarias.api.util.ExceptionControllerAdvice#exceptionHandler(Throwable)

org.springframework.http.converter.HttpMessageNotWritableException: No converter for [class com.fasterxml.jackson.databind.node.ObjectNode] with preset Content-Type 'application/openmetrics-text;version=1.0.0;charset=utf-8'
	at org.springframework.web.servlet.mvc.method.annotation.AbstractMessageConverterMethodProcessor.writeWithMessageConverters(AbstractMessageConverterMethodProcessor.java:365) ~[spring-webmvc-6.2.12.jar:6.2.12]
	at org.springframework.web.servlet.mvc.method.annotation.HttpEntityMethodProcessor.handleReturnValue(HttpEntityMethodProcessor.java:263) ~[spring-webmvc-6.2.12.jar:6.2.12]
	at org.springframework.web.method.support.HandlerMethodReturnValueHandlerComposite.handleReturnValue(HandlerMethodReturnValueHandlerComposite.java:78) ~[spring-web-6.2.12.jar:6.2.12]
	at org.springframework.web.servlet.mvc.method.annotation.ServletInvocableHandlerMethod.invokeAndHandle(ServletInvocableHandlerMethod.java:136) ~[spring-webmvc-6.2.12.jar:6.2.12]
	at org.springframework.web.servlet.mvc.method.annotation.ExceptionHandlerExceptionResolver.doResolveHandlerMethodException(ExceptionHandlerExceptionResolver.java:471) ~[spring-webmvc-6.2.12.jar:6.2.12]
	at org.springframework.web.servlet.handler.AbstractHandlerMethodExceptionResolver.doResolveException(AbstractHandlerMethodExceptionResolver.java:73) ~[spring-webmvc-6.2.12.jar:6.2.12]
	at org.springframework.web.servlet.handler.AbstractHandlerExceptionResolver.resolveException(AbstractHandlerExceptionResolver.java:182) ~[spring-webmvc-6.2.12.jar:6.2.12]
	at org.springframework.web.servlet.handler.HandlerExceptionResolverComposite.resolveException(HandlerExceptionResolverComposite.java:80) ~[spring-webmvc-6.2.12.jar:6.2.12]
	at org.springframework.web.servlet.DispatcherServlet.processHandlerException(DispatcherServlet.java:1360) ~[spring-webmvc-6.2.12.jar:6.2.12]
	at org.springframework.web.servlet.DispatcherServlet.processDispatchResult(DispatcherServlet.java:1161) ~[spring-webmvc-6.2.12.jar:6.2.12]
	at org.springframework.web.servlet.DispatcherServlet.doDispatch(DispatcherServlet.java:1106) ~[spring-webmvc-6.2.12.jar:6.2.12]
	at org.springframework.web.servlet.DispatcherServlet.doService(DispatcherServlet.java:979) ~[spring-webmvc-6.2.12.jar:6.2.12]
	at org.springframework.web.servlet.FrameworkServlet.processRequest(FrameworkServlet.java:1014) ~[spring-webmvc-6.2.12.jar:6.2.12]
	at org.springframework.web.servlet.FrameworkServlet.doGet(FrameworkServlet.java:903) ~[spring-webmvc-6.2.12.jar:6.2.12]
	at jakarta.servlet.http.HttpServlet.service(HttpServlet.java:564) ~[servlet-api.jar:6.0]
	at org.springframework.web.servlet.FrameworkServlet.service(FrameworkServlet.java:885) ~[spring-webmvc-6.2.12.jar:6.2.12]
	at jakarta.servlet.http.HttpServlet.service(HttpServlet.java:658) ~[servlet-api.jar:6.0]
	at org.apache.catalina.core.ApplicationFilterChain.internalDoFilter(ApplicationFilterChain.java:195) ~[catalina.jar:10.1.46]
	at org.apache.catalina.core.ApplicationFilterChain.doFilter(ApplicationFilterChain.java:140) ~[catalina.jar:10.1.46]
	at org.apache.tomcat.websocket.server.WsFilter.doFilter(WsFilter.java:51) ~[tomcat-websocket.jar:10.1.46]
	at org.apache.catalina.core.ApplicationFilterChain.internalDoFilter(ApplicationFilterChain.java:164) ~[catalina.jar:10.1.46]
	at org.apache.catalina.core.ApplicationFilterChain.doFilter(ApplicationFilterChain.java:140) ~[catalina.jar:10.1.46]
	at org.springframework.web.filter.CompositeFilter$VirtualFilterChain.doFilter(CompositeFilter.java:108) ~[spring-web-6.2.12.jar:6.2.12]
	at org.springframework.web.filter.CompositeFilter$VirtualFilterChain.doFilter(CompositeFilter.java:108) ~[spring-web-6.2.12.jar:6.2.12]
	at org.springframework.security.web.FilterChainProxy.lambda$doFilterInternal$3(FilterChainProxy.java:231) ~[spring-security-web-6.5.6.jar:6.5.6]
	at org.springframework.security.web.ObservationFilterChainDecorator$FilterObservation$SimpleFilterObservation.lambda$wrap$1(ObservationFilterChainDecorator.java:490) ~[spring-security-web-6.5.6.jar:6.5.6]
	at org.springframework.security.web.ObservationFilterChainDecorator$AroundFilterObservation$SimpleAroundFilterObservation.lambda$wrap$1(ObservationFilterChainDecorator.java:351) ~[spring-security-web-6.5.6.jar:6.5.6]
	at org.springframework.security.web.ObservationFilterChainDecorator.lambda$wrapSecured$0(ObservationFilterChainDecorator.java:83) ~[spring-security-web-6.5.6.jar:6.5.6]
	at org.springframework.security.web.ObservationFilterChainDecorator$VirtualFilterChain.doFilter(ObservationFilterChainDecorator.java:129) ~[spring-security-web-6.5.6.jar:6.5.6]
	at org.springframework.security.web.access.intercept.AuthorizationFilter.doFilter(AuthorizationFilter.java:101) ~[spring-security-web-6.5.6.jar:6.5.6]
	at org.springframework.security.web.ObservationFilterChainDecorator$ObservationFilter.wrapFilter(ObservationFilterChainDecorator.java:241) ~[spring-security-web-6.5.6.jar:6.5.6]
	at org.springframework.security.web.ObservationFilterChainDecorator$ObservationFilter.doFilter(ObservationFilterChainDecorator.java:228) ~[spring-security-web-6.5.6.jar:6.5.6]
	at org.springframework.security.web.ObservationFilterChainDecorator$VirtualFilterChain.doFilter(ObservationFilterChainDecorator.java:138) ~[spring-security-web-6.5.6.jar:6.5.6]
	at org.springframework.security.web.access.ExceptionTranslationFilter.doFilter(ExceptionTranslationFilter.java:125) ~[spring-security-web-6.5.6.jar:6.5.6]
	at org.springframework.security.web.access.ExceptionTranslationFilter.doFilter(ExceptionTranslationFilter.java:119) ~[spring-security-web-6.5.6.jar:6.5.6]
	at org.springframework.security.web.ObservationFilterChainDecorator$ObservationFilter.wrapFilter(ObservationFilterChainDecorator.java:241) ~[spring-security-web-6.5.6.jar:6.5.6]
	at org.springframework.security.web.ObservationFilterChainDecorator$ObservationFilter.doFilter(ObservationFilterChainDecorator.java:228) ~[spring-security-web-6.5.6.jar:6.5.6]
	at org.springframework.security.web.ObservationFilterChainDecorator$VirtualFilterChain.doFilter(ObservationFilterChainDecorator.java:138) ~[spring-security-web-6.5.6.jar:6.5.6]
	at org.springframework.security.web.authentication.AnonymousAuthenticationFilter.doFilter(AnonymousAuthenticationFilter.java:100) ~[spring-security-web-6.5.6.jar:6.5.6]
	at org.springframework.security.web.ObservationFilterChainDecorator$ObservationFilter.wrapFilter(ObservationFilterChainDecorator.java:241) ~[spring-security-web-6.5.6.jar:6.5.6]
	at org.springframework.security.web.ObservationFilterChainDecorator$ObservationFilter.doFilter(ObservationFilterChainDecorator.java:228) ~[spring-security-web-6.5.6.jar:6.5.6]
	at org.springframework.security.web.ObservationFilterChainDecorator$VirtualFilterChain.doFilter(ObservationFilterChainDecorator.java:138) ~[spring-security-web-6.5.6.jar:6.5.6]
	at org.springframework.security.web.servletapi.SecurityContextHolderAwareRequestFilter.doFilter(SecurityContextHolderAwareRequestFilter.java:179) ~[spring-security-web-6.5.6.jar:6.5.6]
	at org.springframework.security.web.ObservationFilterChainDecorator$ObservationFilter.wrapFilter(ObservationFilterChainDecorator.java:241) ~[spring-security-web-6.5.6.jar:6.5.6]
	at org.springframework.security.web.ObservationFilterChainDecorator$ObservationFilter.doFilter(ObservationFilterChainDecorator.java:228) ~[spring-security-web-6.5.6.jar:6.5.6]
	at org.springframework.security.web.ObservationFilterChainDecorator$VirtualFilterChain.doFilter(ObservationFilterChainDecorator.java:138) ~[spring-security-web-6.5.6.jar:6.5.6]
	at org.springframework.security.web.savedrequest.RequestCacheAwareFilter.doFilter(RequestCacheAwareFilter.java:63) ~[spring-security-web-6.5.6.jar:6.5.6]
	at org.springframework.security.web.ObservationFilterChainDecorator$ObservationFilter.wrapFilter(ObservationFilterChainDecorator.java:241) ~[spring-security-web-6.5.6.jar:6.5.6]
	at org.springframework.security.web.ObservationFilterChainDecorator$ObservationFilter.doFilter(ObservationFilterChainDecorator.java:228) ~[spring-security-web-6.5.6.jar:6.5.6]
	at org.springframework.security.web.ObservationFilterChainDecorator$VirtualFilterChain.doFilter(ObservationFilterChainDecorator.java:138) ~[spring-security-web-6.5.6.jar:6.5.6]
	at org.springframework.security.web.authentication.AuthenticationFilter.doFilterInternal(AuthenticationFilter.java:177) ~[spring-security-web-6.5.6.jar:6.5.6]
	at org.springframework.web.filter.OncePerRequestFilter.doFilter(OncePerRequestFilter.java:116) ~[spring-web-6.2.12.jar:6.2.12]
	at org.springframework.security.web.ObservationFilterChainDecorator$ObservationFilter.wrapFilter(ObservationFilterChainDecorator.java:241) ~[spring-security-web-6.5.6.jar:6.5.6]
	at org.springframework.security.web.ObservationFilterChainDecorator$ObservationFilter.doFilter(ObservationFilterChainDecorator.java:228) ~[spring-security-web-6.5.6.jar:6.5.6]
	at org.springframework.security.web.ObservationFilterChainDecorator$VirtualFilterChain.doFilter(ObservationFilterChainDecorator.java:138) ~[spring-security-web-6.5.6.jar:6.5.6]
	at org.springframework.security.oauth2.server.resource.web.authentication.BearerTokenAuthenticationFilter.doFilterInternal(BearerTokenAuthenticationFilter.java:135) ~[spring-security-oauth2-resource-server-6.5.6.jar:6.5.6]
	at org.springframework.web.filter.OncePerRequestFilter.doFilter(OncePerRequestFilter.java:116) ~[spring-web-6.2.12.jar:6.2.12]
	at org.springframework.security.web.ObservationFilterChainDecorator$ObservationFilter.wrapFilter(ObservationFilterChainDecorator.java:241) ~[spring-security-web-6.5.6.jar:6.5.6]
	at org.springframework.security.web.ObservationFilterChainDecorator$ObservationFilter.doFilter(ObservationFilterChainDecorator.java:228) ~[spring-security-web-6.5.6.jar:6.5.6]
	at org.springframework.security.web.ObservationFilterChainDecorator$VirtualFilterChain.doFilter(ObservationFilterChainDecorator.java:138) ~[spring-security-web-6.5.6.jar:6.5.6]
	at org.springframework.security.web.authentication.logout.LogoutFilter.doFilter(LogoutFilter.java:107) ~[spring-security-web-6.5.6.jar:6.5.6]
	at org.springframework.security.web.authentication.logout.LogoutFilter.doFilter(LogoutFilter.java:93) ~[spring-security-web-6.5.6.jar:6.5.6]
	at org.springframework.security.web.ObservationFilterChainDecorator$ObservationFilter.wrapFilter(ObservationFilterChainDecorator.java:241) ~[spring-security-web-6.5.6.jar:6.5.6]
	at org.springframework.security.web.ObservationFilterChainDecorator$ObservationFilter.doFilter(ObservationFilterChainDecorator.java:228) ~[spring-security-web-6.5.6.jar:6.5.6]
	at org.springframework.security.web.ObservationFilterChainDecorator$VirtualFilterChain.doFilter(ObservationFilterChainDecorator.java:138) ~[spring-security-web-6.5.6.jar:6.5.6]
	at org.springframework.web.filter.CorsFilter.doFilterInternal(CorsFilter.java:91) ~[spring-web-6.2.12.jar:6.2.12]
	at org.springframework.web.filter.OncePerRequestFilter.doFilter(OncePerRequestFilter.java:116) ~[spring-web-6.2.12.jar:6.2.12]
	at org.springframework.security.web.ObservationFilterChainDecorator$ObservationFilter.wrapFilter(ObservationFilterChainDecorator.java:241) ~[spring-security-web-6.5.6.jar:6.5.6]
	at org.springframework.security.web.ObservationFilterChainDecorator$ObservationFilter.doFilter(ObservationFilterChainDecorator.java:228) ~[spring-security-web-6.5.6.jar:6.5.6]
	at org.springframework.security.web.ObservationFilterChainDecorator$VirtualFilterChain.doFilter(ObservationFilterChainDecorator.java:138) ~[spring-security-web-6.5.6.jar:6.5.6]
	at org.springframework.security.web.header.HeaderWriterFilter.doHeadersAfter(HeaderWriterFilter.java:90) ~[spring-security-web-6.5.6.jar:6.5.6]
	at org.springframework.security.web.header.HeaderWriterFilter.doFilterInternal(HeaderWriterFilter.java:75) ~[spring-security-web-6.5.6.jar:6.5.6]
	at org.springframework.web.filter.OncePerRequestFilter.doFilter(OncePerRequestFilter.java:116) ~[spring-web-6.2.12.jar:6.2.12]
	at org.springframework.security.web.ObservationFilterChainDecorator$ObservationFilter.wrapFilter(ObservationFilterChainDecorator.java:241) ~[spring-security-web-6.5.6.jar:6.5.6]
	at org.springframework.security.web.ObservationFilterChainDecorator$ObservationFilter.doFilter(ObservationFilterChainDecorator.java:228) ~[spring-security-web-6.5.6.jar:6.5.6]
	at org.springframework.security.web.ObservationFilterChainDecorator$VirtualFilterChain.doFilter(ObservationFilterChainDecorator.java:138) ~[spring-security-web-6.5.6.jar:6.5.6]
	at org.springframework.security.web.context.SecurityContextHolderFilter.doFilter(SecurityContextHolderFilter.java:82) ~[spring-security-web-6.5.6.jar:6.5.6]
	at org.springframework.security.web.context.SecurityContextHolderFilter.doFilter(SecurityContextHolderFilter.java:69) ~[spring-security-web-6.5.6.jar:6.5.6]
	at org.springframework.security.web.ObservationFilterChainDecorator$ObservationFilter.wrapFilter(ObservationFilterChainDecorator.java:241) ~[spring-security-web-6.5.6.jar:6.5.6]
	at org.springframework.security.web.ObservationFilterChainDecorator$ObservationFilter.doFilter(ObservationFilterChainDecorator.java:228) ~[spring-security-web-6.5.6.jar:6.5.6]
	at org.springframework.security.web.ObservationFilterChainDecorator$VirtualFilterChain.doFilter(ObservationFilterChainDecorator.java:138) ~[spring-security-web-6.5.6.jar:6.5.6]
	at org.springframework.security.web.context.request.async.WebAsyncManagerIntegrationFilter.doFilterInternal(WebAsyncManagerIntegrationFilter.java:62) ~[spring-security-web-6.5.6.jar:6.5.6]
	at org.springframework.web.filter.OncePerRequestFilter.doFilter(OncePerRequestFilter.java:116) ~[spring-web-6.2.12.jar:6.2.12]
	at org.springframework.security.web.ObservationFilterChainDecorator$ObservationFilter.wrapFilter(ObservationFilterChainDecorator.java:241) ~[spring-security-web-6.5.6.jar:6.5.6]
	at org.springframework.security.web.ObservationFilterChainDecorator$ObservationFilter.doFilter(ObservationFilterChainDecorator.java:228) ~[spring-security-web-6.5.6.jar:6.5.6]
	at org.springframework.security.web.ObservationFilterChainDecorator$VirtualFilterChain.doFilter(ObservationFilterChainDecorator.java:138) ~[spring-security-web-6.5.6.jar:6.5.6]
	at org.springframework.security.web.session.DisableEncodeUrlFilter.doFilterInternal(DisableEncodeUrlFilter.java:42) ~[spring-security-web-6.5.6.jar:6.5.6]
	at org.springframework.web.filter.OncePerRequestFilter.doFilter(OncePerRequestFilter.java:116) ~[spring-web-6.2.12.jar:6.2.12]
	at org.springframework.security.web.ObservationFilterChainDecorator$ObservationFilter.wrapFilter(ObservationFilterChainDecorator.java:241) ~[spring-security-web-6.5.6.jar:6.5.6]
	at org.springframework.security.web.ObservationFilterChainDecorator$AroundFilterObservation$SimpleAroundFilterObservation.lambda$wrap$0(ObservationFilterChainDecorator.java:334) ~[spring-security-web-6.5.6.jar:6.5.6]
	at org.springframework.security.web.ObservationFilterChainDecorator$ObservationFilter.doFilter(ObservationFilterChainDecorator.java:225) ~[spring-security-web-6.5.6.jar:6.5.6]
	at org.springframework.security.web.ObservationFilterChainDecorator$VirtualFilterChain.doFilter(ObservationFilterChainDecorator.java:138) ~[spring-security-web-6.5.6.jar:6.5.6]
	at org.springframework.security.web.FilterChainProxy.doFilterInternal(FilterChainProxy.java:233) ~[spring-security-web-6.5.6.jar:6.5.6]
	at org.springframework.security.web.FilterChainProxy.doFilter(FilterChainProxy.java:191) ~[spring-security-web-6.5.6.jar:6.5.6]
	at org.springframework.web.filter.CompositeFilter$VirtualFilterChain.doFilter(CompositeFilter.java:113) ~[spring-web-6.2.12.jar:6.2.12]
	at org.springframework.web.filter.ServletRequestPathFilter.doFilter(ServletRequestPathFilter.java:52) ~[spring-web-6.2.12.jar:6.2.12]
	at org.springframework.web.filter.CompositeFilter$VirtualFilterChain.doFilter(CompositeFilter.java:113) ~[spring-web-6.2.12.jar:6.2.12]
	at org.springframework.web.filter.CompositeFilter.doFilter(CompositeFilter.java:74) ~[spring-web-6.2.12.jar:6.2.12]
	at org.springframework.security.config.annotation.web.configuration.WebSecurityConfiguration$CompositeFilterChainProxy.doFilter(WebSecurityConfiguration.java:319) ~[spring-security-config-6.5.6.jar:6.5.6]
	at org.springframework.web.filter.CompositeFilter$VirtualFilterChain.doFilter(CompositeFilter.java:113) ~[spring-web-6.2.12.jar:6.2.12]
	at org.springframework.web.servlet.handler.HandlerMappingIntrospector.lambda$createCacheFilter$4(HandlerMappingIntrospector.java:267) ~[spring-webmvc-6.2.12.jar:6.2.12]
	at org.springframework.web.filter.CompositeFilter$VirtualFilterChain.doFilter(CompositeFilter.java:113) ~[spring-web-6.2.12.jar:6.2.12]
	at org.springframework.web.filter.CompositeFilter.doFilter(CompositeFilter.java:74) ~[spring-web-6.2.12.jar:6.2.12]
	at org.springframework.security.config.annotation.web.configuration.WebMvcSecurityConfiguration$CompositeFilterChainProxy.doFilter(WebMvcSecurityConfiguration.java:240) ~[spring-security-config-6.5.6.jar:6.5.6]
	at org.springframework.web.filter.DelegatingFilterProxy.invokeDelegate(DelegatingFilterProxy.java:362) ~[spring-web-6.2.12.jar:6.2.12]
	at org.springframework.web.filter.DelegatingFilterProxy.doFilter(DelegatingFilterProxy.java:278) ~[spring-web-6.2.12.jar:6.2.12]
	at org.apache.catalina.core.ApplicationFilterChain.internalDoFilter(ApplicationFilterChain.java:164) ~[catalina.jar:10.1.46]
	at org.apache.catalina.core.ApplicationFilterChain.doFilter(ApplicationFilterChain.java:140) ~[catalina.jar:10.1.46]
	at org.springframework.web.filter.ServerHttpObservationFilter.doFilterInternal(ServerHttpObservationFilter.java:110) ~[spring-web-6.2.12.jar:6.2.12]
	at org.springframework.web.filter.OncePerRequestFilter.doFilter(OncePerRequestFilter.java:116) ~[spring-web-6.2.12.jar:6.2.12]
	at org.apache.catalina.core.ApplicationFilterChain.internalDoFilter(ApplicationFilterChain.java:164) ~[catalina.jar:10.1.46]
	at org.apache.catalina.core.ApplicationFilterChain.doFilter(ApplicationFilterChain.java:140) ~[catalina.jar:10.1.46]
	at org.springframework.boot.web.servlet.support.ErrorPageFilter.doFilter(ErrorPageFilter.java:124) ~[spring-boot-3.5.7.jar:3.5.7]
	at org.springframework.boot.web.servlet.support.ErrorPageFilter$1.doFilterInternal(ErrorPageFilter.java:99) ~[spring-boot-3.5.7.jar:3.5.7]
	at org.springframework.web.filter.OncePerRequestFilter.doFilter(OncePerRequestFilter.java:116) ~[spring-web-6.2.12.jar:6.2.12]
	at org.springframework.boot.web.servlet.support.ErrorPageFilter.doFilter(ErrorPageFilter.java:117) ~[spring-boot-3.5.7.jar:3.5.7]
	at org.apache.catalina.core.ApplicationFilterChain.internalDoFilter(ApplicationFilterChain.java:164) ~[catalina.jar:10.1.46]
	at org.apache.catalina.core.ApplicationFilterChain.doFilter(ApplicationFilterChain.java:140) ~[catalina.jar:10.1.46]
	at org.springframework.web.filter.CharacterEncodingFilter.doFilterInternal(CharacterEncodingFilter.java:201) ~[spring-web-6.2.12.jar:6.2.12]
	at org.springframework.web.filter.OncePerRequestFilter.doFilter(OncePerRequestFilter.java:116) ~[spring-web-6.2.12.jar:6.2.12]
	at org.apache.catalina.core.ApplicationFilterChain.internalDoFilter(ApplicationFilterChain.java:164) ~[catalina.jar:10.1.46]
	at org.apache.catalina.core.ApplicationFilterChain.doFilter(ApplicationFilterChain.java:140) ~[catalina.jar:10.1.46]
	at org.apache.catalina.core.StandardWrapperValve.invoke(StandardWrapperValve.java:167) ~[catalina.jar:10.1.46]
	at org.apache.catalina.core.StandardContextValve.invoke(StandardContextValve.java:90) ~[catalina.jar:10.1.46]
	at org.apache.catalina.authenticator.AuthenticatorBase.invoke(AuthenticatorBase.java:483) ~[catalina.jar:10.1.46]
	at org.apache.catalina.core.StandardHostValve.invoke(StandardHostValve.java:116) ~[catalina.jar:10.1.46]
	at org.apache.catalina.valves.ErrorReportValve.invoke(ErrorReportValve.java:93) ~[catalina.jar:10.1.46]
	at org.apache.catalina.valves.AbstractAccessLogValve.invoke(AbstractAccessLogValve.java:666) ~[catalina.jar:10.1.46]
	at org.apache.catalina.core.StandardEngineValve.invoke(StandardEngineValve.java:74) ~[catalina.jar:10.1.46]
	at org.apache.catalina.connector.CoyoteAdapter.service(CoyoteAdapter.java:344) ~[catalina.jar:10.1.46]
	at org.apache.coyote.http11.Http11Processor.service(Http11Processor.java:398) ~[tomcat-coyote.jar:10.1.46]
	at org.apache.coyote.AbstractProcessorLight.process(AbstractProcessorLight.java:63) ~[tomcat-coyote.jar:10.1.46]
	at org.apache.coyote.AbstractProtocol$ConnectionHandler.process(AbstractProtocol.java:903) ~[tomcat-coyote.jar:10.1.46]
	at org.apache.tomcat.util.net.NioEndpoint$SocketProcessor.doRun(NioEndpoint.java:1776) ~[tomcat-coyote.jar:10.1.46]
	at org.apache.tomcat.util.net.SocketProcessorBase.run(SocketProcessorBase.java:52) ~[tomcat-coyote.jar:10.1.46]
	at org.apache.tomcat.util.threads.ThreadPoolExecutor.runWorker(ThreadPoolExecutor.java:975) ~[tomcat-util.jar:10.1.46]
	at org.apache.tomcat.util.threads.ThreadPoolExecutor$Worker.run(ThreadPoolExecutor.java:493) ~[tomcat-util.jar:10.1.46]
	at org.apache.tomcat.util.threads.TaskThread$WrappingRunnable.run(TaskThread.java:63) ~[tomcat-util.jar:10.1.46]
	at java.base/java.lang.Thread.run(Thread.java:840) ~[na:na]

2026-02-27T13:17:42.252-03:00  WARN 1 --- [nio-8080-exec-3] .m.m.a.ExceptionHandlerExceptionResolver : Failure in @ExceptionHandler tcmba.diarias.api.util.ExceptionControllerAdvice#exceptionHandler(Throwable)

org.springframework.http.converter.HttpMessageNotWritableException: No converter for [class com.fasterxml.jackson.databind.node.ObjectNode] with preset Content-Type 'application/openmetrics-text;version=1.0.0;charset=utf-8'
	at org.springframework.web.servlet.mvc.method.annotation.AbstractMessageConverterMethodProcessor.writeWithMessageConverters(AbstractMessageConverterMethodProcessor.java:365) ~[spring-webmvc-6.2.12.jar:6.2.12]
	at org.springframework.web.servlet.mvc.method.annotation.HttpEntityMethodProcessor.handleReturnValue(HttpEntityMethodProcessor.java:263) ~[spring-webmvc-6.2.12.jar:6.2.12]
	at org.springframework.web.method.support.HandlerMethodReturnValueHandlerComposite.handleReturnValue(HandlerMethodReturnValueHandlerComposite.java:78) ~[spring-web-6.2.12.jar:6.2.12]
	at org.springframework.web.servlet.mvc.method.annotation.ServletInvocableHandlerMethod.invokeAndHandle(ServletInvocableHandlerMethod.java:136) ~[spring-webmvc-6.2.12.jar:6.2.12]
	at org.springframework.web.servlet.mvc.method.annotation.ExceptionHandlerExceptionResolver.doResolveHandlerMethodException(ExceptionHandlerExceptionResolver.java:471) ~[spring-webmvc-6.2.12.jar:6.2.12]
	at org.springframework.web.servlet.handler.AbstractHandlerMethodExceptionResolver.doResolveException(AbstractHandlerMethodExceptionResolver.java:73) ~[spring-webmvc-6.2.12.jar:6.2.12]
	at org.springframework.web.servlet.handler.AbstractHandlerExceptionResolver.resolveException(AbstractHandlerExceptionResolver.java:182) ~[spring-webmvc-6.2.12.jar:6.2.12]
	at org.springframework.web.servlet.handler.HandlerExceptionResolverComposite.resolveException(HandlerExceptionResolverComposite.java:80) ~[spring-webmvc-6.2.12.jar:6.2.12]
	at org.springframework.web.servlet.DispatcherServlet.processHandlerException(DispatcherServlet.java:1360) ~[spring-webmvc-6.2.12.jar:6.2.12]
	at org.springframework.web.servlet.DispatcherServlet.processDispatchResult(DispatcherServlet.java:1161) ~[spring-webmvc-6.2.12.jar:6.2.12]
	at org.springframework.web.servlet.DispatcherServlet.doDispatch(DispatcherServlet.java:1106) ~[spring-webmvc-6.2.12.jar:6.2.12]
	at org.springframework.web.servlet.DispatcherServlet.doService(DispatcherServlet.java:979) ~[spring-webmvc-6.2.12.jar:6.2.12]
	at org.springframework.web.servlet.FrameworkServlet.processRequest(FrameworkServlet.java:1014) ~[spring-webmvc-6.2.12.jar:6.2.12]
	at org.springframework.web.servlet.FrameworkServlet.doGet(FrameworkServlet.java:903) ~[spring-webmvc-6.2.12.jar:6.2.12]
	at jakarta.servlet.http.HttpServlet.service(HttpServlet.java:564) ~[servlet-api.jar:6.0]
	at org.springframework.web.servlet.FrameworkServlet.service(FrameworkServlet.java:885) ~[spring-webmvc-6.2.12.jar:6.2.12]
	at jakarta.servlet.http.HttpServlet.service(HttpServlet.java:658) ~[servlet-api.jar:6.0]
	at org.apache.catalina.core.ApplicationFilterChain.internalDoFilter(ApplicationFilterChain.java:195) ~[catalina.jar:10.1.46]
	at org.apache.catalina.core.ApplicationFilterChain.doFilter(ApplicationFilterChain.java:140) ~[catalina.jar:10.1.46]
	at org.apache.tomcat.websocket.server.WsFilter.doFilter(WsFilter.java:51) ~[tomcat-websocket.jar:10.1.46]
	at org.apache.catalina.core.ApplicationFilterChain.internalDoFilter(ApplicationFilterChain.java:164) ~[catalina.jar:10.1.46]
	at org.apache.catalina.core.ApplicationFilterChain.doFilter(ApplicationFilterChain.java:140) ~[catalina.jar:10.1.46]
	at org.springframework.web.filter.CompositeFilter$VirtualFilterChain.doFilter(CompositeFilter.java:108) ~[spring-web-6.2.12.jar:6.2.12]
	at org.springframework.web.filter.CompositeFilter$VirtualFilterChain.doFilter(CompositeFilter.java:108) ~[spring-web-6.2.12.jar:6.2.12]
	at org.springframework.security.web.FilterChainProxy.lambda$doFilterInternal$3(FilterChainProxy.java:231) ~[spring-security-web-6.5.6.jar:6.5.6]
	at org.springframework.security.web.ObservationFilterChainDecorator$FilterObservation$SimpleFilterObservation.lambda$wrap$1(ObservationFilterChainDecorator.java:490) ~[spring-security-web-6.5.6.jar:6.5.6]
	at org.springframework.security.web.ObservationFilterChainDecorator$AroundFilterObservation$SimpleAroundFilterObservation.lambda$wrap$1(ObservationFilterChainDecorator.java:351) ~[spring-security-web-6.5.6.jar:6.5.6]
	at org.springframework.security.web.ObservationFilterChainDecorator.lambda$wrapSecured$0(ObservationFilterChainDecorator.java:83) ~[spring-security-web-6.5.6.jar:6.5.6]
	at org.springframework.security.web.ObservationFilterChainDecorator$VirtualFilterChain.doFilter(ObservationFilterChainDecorator.java:129) ~[spring-security-web-6.5.6.jar:6.5.6]
	at org.springframework.security.web.access.intercept.AuthorizationFilter.doFilter(AuthorizationFilter.java:101) ~[spring-security-web-6.5.6.jar:6.5.6]
	at org.springframework.security.web.ObservationFilterChainDecorator$ObservationFilter.wrapFilter(ObservationFilterChainDecorator.java:241) ~[spring-security-web-6.5.6.jar:6.5.6]
	at org.springframework.security.web.ObservationFilterChainDecorator$ObservationFilter.doFilter(ObservationFilterChainDecorator.java:228) ~[spring-security-web-6.5.6.jar:6.5.6]
	at org.springframework.security.web.ObservationFilterChainDecorator$VirtualFilterChain.doFilter(ObservationFilterChainDecorator.java:138) ~[spring-security-web-6.5.6.jar:6.5.6]
	at org.springframework.security.web.access.ExceptionTranslationFilter.doFilter(ExceptionTranslationFilter.java:125) ~[spring-security-web-6.5.6.jar:6.5.6]
	at org.springframework.security.web.access.ExceptionTranslationFilter.doFilter(ExceptionTranslationFilter.java:119) ~[spring-security-web-6.5.6.jar:6.5.6]
	at org.springframework.security.web.ObservationFilterChainDecorator$ObservationFilter.wrapFilter(ObservationFilterChainDecorator.java:241) ~[spring-security-web-6.5.6.jar:6.5.6]
	at org.springframework.security.web.ObservationFilterChainDecorator$ObservationFilter.doFilter(ObservationFilterChainDecorator.java:228) ~[spring-security-web-6.5.6.jar:6.5.6]
	at org.springframework.security.web.ObservationFilterChainDecorator$VirtualFilterChain.doFilter(ObservationFilterChainDecorator.java:138) ~[spring-security-web-6.5.6.jar:6.5.6]
	at org.springframework.security.web.authentication.AnonymousAuthenticationFilter.doFilter(AnonymousAuthenticationFilter.java:100) ~[spring-security-web-6.5.6.jar:6.5.6]
	at org.springframework.security.web.ObservationFilterChainDecorator$ObservationFilter.wrapFilter(ObservationFilterChainDecorator.java:241) ~[spring-security-web-6.5.6.jar:6.5.6]
	at org.springframework.security.web.ObservationFilterChainDecorator$ObservationFilter.doFilter(ObservationFilterChainDecorator.java:228) ~[spring-security-web-6.5.6.jar:6.5.6]
	at org.springframework.security.web.ObservationFilterChainDecorator$VirtualFilterChain.doFilter(ObservationFilterChainDecorator.java:138) ~[spring-security-web-6.5.6.jar:6.5.6]
	at org.springframework.security.web.servletapi.SecurityContextHolderAwareRequestFilter.doFilter(SecurityContextHolderAwareRequestFilter.java:179) ~[spring-security-web-6.5.6.jar:6.5.6]
	at org.springframework.security.web.ObservationFilterChainDecorator$ObservationFilter.wrapFilter(ObservationFilterChainDecorator.java:241) ~[spring-security-web-6.5.6.jar:6.5.6]
	at org.springframework.security.web.ObservationFilterChainDecorator$ObservationFilter.doFilter(ObservationFilterChainDecorator.java:228) ~[spring-security-web-6.5.6.jar:6.5.6]
	at org.springframework.security.web.ObservationFilterChainDecorator$VirtualFilterChain.doFilter(ObservationFilterChainDecorator.java:138) ~[spring-security-web-6.5.6.jar:6.5.6]
	at org.springframework.security.web.savedrequest.RequestCacheAwareFilter.doFilter(RequestCacheAwareFilter.java:63) ~[spring-security-web-6.5.6.jar:6.5.6]
	at org.springframework.security.web.ObservationFilterChainDecorator$ObservationFilter.wrapFilter(ObservationFilterChainDecorator.java:241) ~[spring-security-web-6.5.6.jar:6.5.6]
	at org.springframework.security.web.ObservationFilterChainDecorator$ObservationFilter.doFilter(ObservationFilterChainDecorator.java:228) ~[spring-security-web-6.5.6.jar:6.5.6]
	at org.springframework.security.web.ObservationFilterChainDecorator$VirtualFilterChain.doFilter(ObservationFilterChainDecorator.java:138) ~[spring-security-web-6.5.6.jar:6.5.6]
	at org.springframework.security.web.authentication.AuthenticationFilter.doFilterInternal(AuthenticationFilter.java:177) ~[spring-security-web-6.5.6.jar:6.5.6]
	at org.springframework.web.filter.OncePerRequestFilter.doFilter(OncePerRequestFilter.java:116) ~[spring-web-6.2.12.jar:6.2.12]
	at org.springframework.security.web.ObservationFilterChainDecorator$ObservationFilter.wrapFilter(ObservationFilterChainDecorator.java:241) ~[spring-security-web-6.5.6.jar:6.5.6]
	at org.springframework.security.web.ObservationFilterChainDecorator$ObservationFilter.doFilter(ObservationFilterChainDecorator.java:228) ~[spring-security-web-6.5.6.jar:6.5.6]
	at org.springframework.security.web.ObservationFilterChainDecorator$VirtualFilterChain.doFilter(ObservationFilterChainDecorator.java:138) ~[spring-security-web-6.5.6.jar:6.5.6]
	at org.springframework.security.oauth2.server.resource.web.authentication.BearerTokenAuthenticationFilter.doFilterInternal(BearerTokenAuthenticationFilter.java:135) ~[spring-security-oauth2-resource-server-6.5.6.jar:6.5.6]
	at org.springframework.web.filter.OncePerRequestFilter.doFilter(OncePerRequestFilter.java:116) ~[spring-web-6.2.12.jar:6.2.12]
	at org.springframework.security.web.ObservationFilterChainDecorator$ObservationFilter.wrapFilter(ObservationFilterChainDecorator.java:241) ~[spring-security-web-6.5.6.jar:6.5.6]
	at org.springframework.security.web.ObservationFilterChainDecorator$ObservationFilter.doFilter(ObservationFilterChainDecorator.java:228) ~[spring-security-web-6.5.6.jar:6.5.6]
	at org.springframework.security.web.ObservationFilterChainDecorator$VirtualFilterChain.doFilter(ObservationFilterChainDecorator.java:138) ~[spring-security-web-6.5.6.jar:6.5.6]
	at org.springframework.security.web.authentication.logout.LogoutFilter.doFilter(LogoutFilter.java:107) ~[spring-security-web-6.5.6.jar:6.5.6]
	at org.springframework.security.web.authentication.logout.LogoutFilter.doFilter(LogoutFilter.java:93) ~[spring-security-web-6.5.6.jar:6.5.6]
	at org.springframework.security.web.ObservationFilterChainDecorator$ObservationFilter.wrapFilter(ObservationFilterChainDecorator.java:241) ~[spring-security-web-6.5.6.jar:6.5.6]
	at org.springframework.security.web.ObservationFilterChainDecorator$ObservationFilter.doFilter(ObservationFilterChainDecorator.java:228) ~[spring-security-web-6.5.6.jar:6.5.6]
	at org.springframework.security.web.ObservationFilterChainDecorator$VirtualFilterChain.doFilter(ObservationFilterChainDecorator.java:138) ~[spring-security-web-6.5.6.jar:6.5.6]
	at org.springframework.web.filter.CorsFilter.doFilterInternal(CorsFilter.java:91) ~[spring-web-6.2.12.jar:6.2.12]
	at org.springframework.web.filter.OncePerRequestFilter.doFilter(OncePerRequestFilter.java:116) ~[spring-web-6.2.12.jar:6.2.12]
	at org.springframework.security.web.ObservationFilterChainDecorator$ObservationFilter.wrapFilter(ObservationFilterChainDecorator.java:241) ~[spring-security-web-6.5.6.jar:6.5.6]
	at org.springframework.security.web.ObservationFilterChainDecorator$ObservationFilter.doFilter(ObservationFilterChainDecorator.java:228) ~[spring-security-web-6.5.6.jar:6.5.6]
	at org.springframework.security.web.ObservationFilterChainDecorator$VirtualFilterChain.doFilter(ObservationFilterChainDecorator.java:138) ~[spring-security-web-6.5.6.jar:6.5.6]
	at org.springframework.security.web.header.HeaderWriterFilter.doHeadersAfter(HeaderWriterFilter.java:90) ~[spring-security-web-6.5.6.jar:6.5.6]
	at org.springframework.security.web.header.HeaderWriterFilter.doFilterInternal(HeaderWriterFilter.java:75) ~[spring-security-web-6.5.6.jar:6.5.6]
	at org.springframework.web.filter.OncePerRequestFilter.doFilter(OncePerRequestFilter.java:116) ~[spring-web-6.2.12.jar:6.2.12]
	at org.springframework.security.web.ObservationFilterChainDecorator$ObservationFilter.wrapFilter(ObservationFilterChainDecorator.java:241) ~[spring-security-web-6.5.6.jar:6.5.6]
	at org.springframework.security.web.ObservationFilterChainDecorator$ObservationFilter.doFilter(ObservationFilterChainDecorator.java:228) ~[spring-security-web-6.5.6.jar:6.5.6]
	at org.springframework.security.web.ObservationFilterChainDecorator$VirtualFilterChain.doFilter(ObservationFilterChainDecorator.java:138) ~[spring-security-web-6.5.6.jar:6.5.6]
	at org.springframework.security.web.context.SecurityContextHolderFilter.doFilter(SecurityContextHolderFilter.java:82) ~[spring-security-web-6.5.6.jar:6.5.6]
	at org.springframework.security.web.context.SecurityContextHolderFilter.doFilter(SecurityContextHolderFilter.java:69) ~[spring-security-web-6.5.6.jar:6.5.6]
	at org.springframework.security.web.ObservationFilterChainDecorator$ObservationFilter.wrapFilter(ObservationFilterChainDecorator.java:241) ~[spring-security-web-6.5.6.jar:6.5.6]
	at org.springframework.security.web.ObservationFilterChainDecorator$ObservationFilter.doFilter(ObservationFilterChainDecorator.java:228) ~[spring-security-web-6.5.6.jar:6.5.6]
	at org.springframework.security.web.ObservationFilterChainDecorator$VirtualFilterChain.doFilter(ObservationFilterChainDecorator.java:138) ~[spring-security-web-6.5.6.jar:6.5.6]
	at org.springframework.security.web.context.request.async.WebAsyncManagerIntegrationFilter.doFilterInternal(WebAsyncManagerIntegrationFilter.java:62) ~[spring-security-web-6.5.6.jar:6.5.6]
	at org.springframework.web.filter.OncePerRequestFilter.doFilter(OncePerRequestFilter.java:116) ~[spring-web-6.2.12.jar:6.2.12]
	at org.springframework.security.web.ObservationFilterChainDecorator$ObservationFilter.wrapFilter(ObservationFilterChainDecorator.java:241) ~[spring-security-web-6.5.6.jar:6.5.6]
	at org.springframework.security.web.ObservationFilterChainDecorator$ObservationFilter.doFilter(ObservationFilterChainDecorator.java:228) ~[spring-security-web-6.5.6.jar:6.5.6]
	at org.springframework.security.web.ObservationFilterChainDecorator$VirtualFilterChain.doFilter(ObservationFilterChainDecorator.java:138) ~[spring-security-web-6.5.6.jar:6.5.6]
	at org.springframework.security.web.session.DisableEncodeUrlFilter.doFilterInternal(DisableEncodeUrlFilter.java:42) ~[spring-security-web-6.5.6.jar:6.5.6]
	at org.springframework.web.filter.OncePerRequestFilter.doFilter(OncePerRequestFilter.java:116) ~[spring-web-6.2.12.jar:6.2.12]
	at org.springframework.security.web.ObservationFilterChainDecorator$ObservationFilter.wrapFilter(ObservationFilterChainDecorator.java:241) ~[spring-security-web-6.5.6.jar:6.5.6]
	at org.springframework.security.web.ObservationFilterChainDecorator$AroundFilterObservation$SimpleAroundFilterObservation.lambda$wrap$0(ObservationFilterChainDecorator.java:334) ~[spring-security-web-6.5.6.jar:6.5.6]
	at org.springframework.security.web.ObservationFilterChainDecorator$ObservationFilter.doFilter(ObservationFilterChainDecorator.java:225) ~[spring-security-web-6.5.6.jar:6.5.6]
	at org.springframework.security.web.ObservationFilterChainDecorator$VirtualFilterChain.doFilter(ObservationFilterChainDecorator.java:138) ~[spring-security-web-6.5.6.jar:6.5.6]
	at org.springframework.security.web.FilterChainProxy.doFilterInternal(FilterChainProxy.java:233) ~[spring-security-web-6.5.6.jar:6.5.6]
	at org.springframework.security.web.FilterChainProxy.doFilter(FilterChainProxy.java:191) ~[spring-security-web-6.5.6.jar:6.5.6]
	at org.springframework.web.filter.CompositeFilter$VirtualFilterChain.doFilter(CompositeFilter.java:113) ~[spring-web-6.2.12.jar:6.2.12]
	at org.springframework.web.filter.ServletRequestPathFilter.doFilter(ServletRequestPathFilter.java:52) ~[spring-web-6.2.12.jar:6.2.12]
	at org.springframework.web.filter.CompositeFilter$VirtualFilterChain.doFilter(CompositeFilter.java:113) ~[spring-web-6.2.12.jar:6.2.12]
	at org.springframework.web.filter.CompositeFilter.doFilter(CompositeFilter.java:74) ~[spring-web-6.2.12.jar:6.2.12]
	at org.springframework.security.config.annotation.web.configuration.WebSecurityConfiguration$CompositeFilterChainProxy.doFilter(WebSecurityConfiguration.java:319) ~[spring-security-config-6.5.6.jar:6.5.6]
	at org.springframework.web.filter.CompositeFilter$VirtualFilterChain.doFilter(CompositeFilter.java:113) ~[spring-web-6.2.12.jar:6.2.12]
	at org.springframework.web.servlet.handler.HandlerMappingIntrospector.lambda$createCacheFilter$4(HandlerMappingIntrospector.java:267) ~[spring-webmvc-6.2.12.jar:6.2.12]
	at org.springframework.web.filter.CompositeFilter$VirtualFilterChain.doFilter(CompositeFilter.java:113) ~[spring-web-6.2.12.jar:6.2.12]
	at org.springframework.web.filter.CompositeFilter.doFilter(CompositeFilter.java:74) ~[spring-web-6.2.12.jar:6.2.12]
	at org.springframework.security.config.annotation.web.configuration.WebMvcSecurityConfiguration$CompositeFilterChainProxy.doFilter(WebMvcSecurityConfiguration.java:240) ~[spring-security-config-6.5.6.jar:6.5.6]
	at org.springframework.web.filter.DelegatingFilterProxy.invokeDelegate(DelegatingFilterProxy.java:362) ~[spring-web-6.2.12.jar:6.2.12]
	at org.springframework.web.filter.DelegatingFilterProxy.doFilter(DelegatingFilterProxy.java:278) ~[spring-web-6.2.12.jar:6.2.12]
	at org.apache.catalina.core.ApplicationFilterChain.internalDoFilter(ApplicationFilterChain.java:164) ~[catalina.jar:10.1.46]
	at org.apache.catalina.core.ApplicationFilterChain.doFilter(ApplicationFilterChain.java:140) ~[catalina.jar:10.1.46]
	at org.springframework.web.filter.ServerHttpObservationFilter.doFilterInternal(ServerHttpObservationFilter.java:110) ~[spring-web-6.2.12.jar:6.2.12]
	at org.springframework.web.filter.OncePerRequestFilter.doFilter(OncePerRequestFilter.java:116) ~[spring-web-6.2.12.jar:6.2.12]
	at org.apache.catalina.core.ApplicationFilterChain.internalDoFilter(ApplicationFilterChain.java:164) ~[catalina.jar:10.1.46]
	at org.apache.catalina.core.ApplicationFilterChain.doFilter(ApplicationFilterChain.java:140) ~[catalina.jar:10.1.46]
	at org.springframework.boot.web.servlet.support.ErrorPageFilter.doFilter(ErrorPageFilter.java:124) ~[spring-boot-3.5.7.jar:3.5.7]
	at org.springframework.boot.web.servlet.support.ErrorPageFilter$1.doFilterInternal(ErrorPageFilter.java:99) ~[spring-boot-3.5.7.jar:3.5.7]
	at org.springframework.web.filter.OncePerRequestFilter.doFilter(OncePerRequestFilter.java:116) ~[spring-web-6.2.12.jar:6.2.12]
	at org.springframework.boot.web.servlet.support.ErrorPageFilter.doFilter(ErrorPageFilter.java:117) ~[spring-boot-3.5.7.jar:3.5.7]
	at org.apache.catalina.core.ApplicationFilterChain.internalDoFilter(ApplicationFilterChain.java:164) ~[catalina.jar:10.1.46]
	at org.apache.catalina.core.ApplicationFilterChain.doFilter(ApplicationFilterChain.java:140) ~[catalina.jar:10.1.46]
	at org.springframework.web.filter.CharacterEncodingFilter.doFilterInternal(CharacterEncodingFilter.java:201) ~[spring-web-6.2.12.jar:6.2.12]
	at org.springframework.web.filter.OncePerRequestFilter.doFilter(OncePerRequestFilter.java:116) ~[spring-web-6.2.12.jar:6.2.12]
	at org.apache.catalina.core.ApplicationFilterChain.internalDoFilter(ApplicationFilterChain.java:164) ~[catalina.jar:10.1.46]
	at org.apache.catalina.core.ApplicationFilterChain.doFilter(ApplicationFilterChain.java:140) ~[catalina.jar:10.1.46]
	at org.apache.catalina.core.StandardWrapperValve.invoke(StandardWrapperValve.java:167) ~[catalina.jar:10.1.46]
	at org.apache.catalina.core.StandardContextValve.invoke(StandardContextValve.java:90) ~[catalina.jar:10.1.46]
	at org.apache.catalina.authenticator.AuthenticatorBase.invoke(AuthenticatorBase.java:483) ~[catalina.jar:10.1.46]
	at org.apache.catalina.core.StandardHostValve.invoke(StandardHostValve.java:116) ~[catalina.jar:10.1.46]
	at org.apache.catalina.valves.ErrorReportValve.invoke(ErrorReportValve.java:93) ~[catalina.jar:10.1.46]
	at org.apache.catalina.valves.AbstractAccessLogValve.invoke(AbstractAccessLogValve.java:666) ~[catalina.jar:10.1.46]
	at org.apache.catalina.core.StandardEngineValve.invoke(StandardEngineValve.java:74) ~[catalina.jar:10.1.46]
	at org.apache.catalina.connector.CoyoteAdapter.service(CoyoteAdapter.java:344) ~[catalina.jar:10.1.46]
	at org.apache.coyote.http11.Http11Processor.service(Http11Processor.java:398) ~[tomcat-coyote.jar:10.1.46]
	at org.apache.coyote.AbstractProcessorLight.process(AbstractProcessorLight.java:63) ~[tomcat-coyote.jar:10.1.46]
	at org.apache.coyote.AbstractProtocol$ConnectionHandler.process(AbstractProtocol.java:903) ~[tomcat-coyote.jar:10.1.46]
	at org.apache.tomcat.util.net.NioEndpoint$SocketProcessor.doRun(NioEndpoint.java:1776) ~[tomcat-coyote.jar:10.1.46]
	at org.apache.tomcat.util.net.SocketProcessorBase.run(SocketProcessorBase.java:52) ~[tomcat-coyote.jar:10.1.46]
	at org.apache.tomcat.util.threads.ThreadPoolExecutor.runWorker(ThreadPoolExecutor.java:975) ~[tomcat-util.jar:10.1.46]
	at org.apache.tomcat.util.threads.ThreadPoolExecutor$Worker.run(ThreadPoolExecutor.java:493) ~[tomcat-util.jar:10.1.46]
	at org.apache.tomcat.util.threads.TaskThread$WrappingRunnable.run(TaskThread.java:63) ~[tomcat-util.jar:10.1.46]
	at java.base/java.lang.Thread.run(Thread.java:840) ~[na:na]

2026-02-27T13:17:42.337-03:00  WARN 1 --- [nio-8080-exec-1] .m.m.a.ExceptionHandlerExceptionResolver : Failure in @ExceptionHandler tcmba.diarias.api.util.ExceptionControllerAdvice#exceptionHandler(Throwable)

org.springframework.http.converter.HttpMessageNotWritableException: No converter for [class com.fasterxml.jackson.databind.node.ObjectNode] with preset Content-Type 'application/openmetrics-text;version=1.0.0;charset=utf-8'
	at org.springframework.web.servlet.mvc.method.annotation.AbstractMessageConverterMethodProcessor.writeWithMessageConverters(AbstractMessageConverterMethodProcessor.java:365) ~[spring-webmvc-6.2.12.jar:6.2.12]
	at org.springframework.web.servlet.mvc.method.annotation.HttpEntityMethodProcessor.handleReturnValue(HttpEntityMethodProcessor.java:263) ~[spring-webmvc-6.2.12.jar:6.2.12]
	at org.springframework.web.method.support.HandlerMethodReturnValueHandlerComposite.handleReturnValue(HandlerMethodReturnValueHandlerComposite.java:78) ~[spring-web-6.2.12.jar:6.2.12]
	at org.springframework.web.servlet.mvc.method.annotation.ServletInvocableHandlerMethod.invokeAndHandle(ServletInvocableHandlerMethod.java:136) ~[spring-webmvc-6.2.12.jar:6.2.12]
	at org.springframework.web.servlet.mvc.method.annotation.ExceptionHandlerExceptionResolver.doResolveHandlerMethodException(ExceptionHandlerExceptionResolver.java:471) ~[spring-webmvc-6.2.12.jar:6.2.12]
	at org.springframework.web.servlet.handler.AbstractHandlerMethodExceptionResolver.doResolveException(AbstractHandlerMethodExceptionResolver.java:73) ~[spring-webmvc-6.2.12.jar:6.2.12]
	at org.springframework.web.servlet.handler.AbstractHandlerExceptionResolver.resolveException(AbstractHandlerExceptionResolver.java:182) ~[spring-webmvc-6.2.12.jar:6.2.12]
	at org.springframework.web.servlet.handler.HandlerExceptionResolverComposite.resolveException(HandlerExceptionResolverComposite.java:80) ~[spring-webmvc-6.2.12.jar:6.2.12]
	at org.springframework.web.servlet.DispatcherServlet.processHandlerException(DispatcherServlet.java:1360) ~[spring-webmvc-6.2.12.jar:6.2.12]
	at org.springframework.web.servlet.DispatcherServlet.processDispatchResult(DispatcherServlet.java:1161) ~[spring-webmvc-6.2.12.jar:6.2.12]
	at org.springframework.web.servlet.DispatcherServlet.doDispatch(DispatcherServlet.java:1106) ~[spring-webmvc-6.2.12.jar:6.2.12]
	at org.springframework.web.servlet.DispatcherServlet.doService(DispatcherServlet.java:979) ~[spring-webmvc-6.2.12.jar:6.2.12]
	at org.springframework.web.servlet.FrameworkServlet.processRequest(FrameworkServlet.java:1014) ~[spring-webmvc-6.2.12.jar:6.2.12]
	at org.springframework.web.servlet.FrameworkServlet.doGet(FrameworkServlet.java:903) ~[spring-webmvc-6.2.12.jar:6.2.12]
	at jakarta.servlet.http.HttpServlet.service(HttpServlet.java:564) ~[servlet-api.jar:6.0]
	at org.springframework.web.servlet.FrameworkServlet.service(FrameworkServlet.java:885) ~[spring-webmvc-6.2.12.jar:6.2.12]
	at jakarta.servlet.http.HttpServlet.service(HttpServlet.java:658) ~[servlet-api.jar:6.0]
	at org.apache.catalina.core.ApplicationFilterChain.internalDoFilter(ApplicationFilterChain.java:195) ~[catalina.jar:10.1.46]
	at org.apache.catalina.core.ApplicationFilterChain.doFilter(ApplicationFilterChain.java:140) ~[catalina.jar:10.1.46]
	at org.apache.tomcat.websocket.server.WsFilter.doFilter(WsFilter.java:51) ~[tomcat-websocket.jar:10.1.46]
	at org.apache.catalina.core.ApplicationFilterChain.internalDoFilter(ApplicationFilterChain.java:164) ~[catalina.jar:10.1.46]
	at org.apache.catalina.core.ApplicationFilterChain.doFilter(ApplicationFilterChain.java:140) ~[catalina.jar:10.1.46]
	at org.springframework.web.filter.CompositeFilter$VirtualFilterChain.doFilter(CompositeFilter.java:108) ~[spring-web-6.2.12.jar:6.2.12]
	at org.springframework.web.filter.CompositeFilter$VirtualFilterChain.doFilter(CompositeFilter.java:108) ~[spring-web-6.2.12.jar:6.2.12]
	at org.springframework.security.web.FilterChainProxy.lambda$doFilterInternal$3(FilterChainProxy.java:231) ~[spring-security-web-6.5.6.jar:6.5.6]
	at org.springframework.security.web.ObservationFilterChainDecorator$FilterObservation$SimpleFilterObservation.lambda$wrap$1(ObservationFilterChainDecorator.java:490) ~[spring-security-web-6.5.6.jar:6.5.6]
	at org.springframework.security.web.ObservationFilterChainDecorator$AroundFilterObservation$SimpleAroundFilterObservation.lambda$wrap$1(ObservationFilterChainDecorator.java:351) ~[spring-security-web-6.5.6.jar:6.5.6]
	at org.springframework.security.web.ObservationFilterChainDecorator.lambda$wrapSecured$0(ObservationFilterChainDecorator.java:83) ~[spring-security-web-6.5.6.jar:6.5.6]
	at org.springframework.security.web.ObservationFilterChainDecorator$VirtualFilterChain.doFilter(ObservationFilterChainDecorator.java:129) ~[spring-security-web-6.5.6.jar:6.5.6]
	at org.springframework.security.web.access.intercept.AuthorizationFilter.doFilter(AuthorizationFilter.java:101) ~[spring-security-web-6.5.6.jar:6.5.6]
	at org.springframework.security.web.ObservationFilterChainDecorator$ObservationFilter.wrapFilter(ObservationFilterChainDecorator.java:241) ~[spring-security-web-6.5.6.jar:6.5.6]
	at org.springframework.security.web.ObservationFilterChainDecorator$ObservationFilter.doFilter(ObservationFilterChainDecorator.java:228) ~[spring-security-web-6.5.6.jar:6.5.6]
	at org.springframework.security.web.ObservationFilterChainDecorator$VirtualFilterChain.doFilter(ObservationFilterChainDecorator.java:138) ~[spring-security-web-6.5.6.jar:6.5.6]
	at org.springframework.security.web.access.ExceptionTranslationFilter.doFilter(ExceptionTranslationFilter.java:125) ~[spring-security-web-6.5.6.jar:6.5.6]
	at org.springframework.security.web.access.ExceptionTranslationFilter.doFilter(ExceptionTranslationFilter.java:119) ~[spring-security-web-6.5.6.jar:6.5.6]
	at org.springframework.security.web.ObservationFilterChainDecorator$ObservationFilter.wrapFilter(ObservationFilterChainDecorator.java:241) ~[spring-security-web-6.5.6.jar:6.5.6]
	at org.springframework.security.web.ObservationFilterChainDecorator$ObservationFilter.doFilter(ObservationFilterChainDecorator.java:228) ~[spring-security-web-6.5.6.jar:6.5.6]
	at org.springframework.security.web.ObservationFilterChainDecorator$VirtualFilterChain.doFilter(ObservationFilterChainDecorator.java:138) ~[spring-security-web-6.5.6.jar:6.5.6]
	at org.springframework.security.web.authentication.AnonymousAuthenticationFilter.doFilter(AnonymousAuthenticationFilter.java:100) ~[spring-security-web-6.5.6.jar:6.5.6]
	at org.springframework.security.web.ObservationFilterChainDecorator$ObservationFilter.wrapFilter(ObservationFilterChainDecorator.java:241) ~[spring-security-web-6.5.6.jar:6.5.6]
	at org.springframework.security.web.ObservationFilterChainDecorator$ObservationFilter.doFilter(ObservationFilterChainDecorator.java:228) ~[spring-security-web-6.5.6.jar:6.5.6]
	at org.springframework.security.web.ObservationFilterChainDecorator$VirtualFilterChain.doFilter(ObservationFilterChainDecorator.java:138) ~[spring-security-web-6.5.6.jar:6.5.6]
	at org.springframework.security.web.servletapi.SecurityContextHolderAwareRequestFilter.doFilter(SecurityContextHolderAwareRequestFilter.java:179) ~[spring-security-web-6.5.6.jar:6.5.6]
	at org.springframework.security.web.ObservationFilterChainDecorator$ObservationFilter.wrapFilter(ObservationFilterChainDecorator.java:241) ~[spring-security-web-6.5.6.jar:6.5.6]
	at org.springframework.security.web.ObservationFilterChainDecorator$ObservationFilter.doFilter(ObservationFilterChainDecorator.java:228) ~[spring-security-web-6.5.6.jar:6.5.6]
	at org.springframework.security.web.ObservationFilterChainDecorator$VirtualFilterChain.doFilter(ObservationFilterChainDecorator.java:138) ~[spring-security-web-6.5.6.jar:6.5.6]
	at org.springframework.security.web.savedrequest.RequestCacheAwareFilter.doFilter(RequestCacheAwareFilter.java:63) ~[spring-security-web-6.5.6.jar:6.5.6]
	at org.springframework.security.web.ObservationFilterChainDecorator$ObservationFilter.wrapFilter(ObservationFilterChainDecorator.java:241) ~[spring-security-web-6.5.6.jar:6.5.6]
	at org.springframework.security.web.ObservationFilterChainDecorator$ObservationFilter.doFilter(ObservationFilterChainDecorator.java:228) ~[spring-security-web-6.5.6.jar:6.5.6]
	at org.springframework.security.web.ObservationFilterChainDecorator$VirtualFilterChain.doFilter(ObservationFilterChainDecorator.java:138) ~[spring-security-web-6.5.6.jar:6.5.6]
	at org.springframework.security.web.authentication.AuthenticationFilter.doFilterInternal(AuthenticationFilter.java:177) ~[spring-security-web-6.5.6.jar:6.5.6]
	at org.springframework.web.filter.OncePerRequestFilter.doFilter(OncePerRequestFilter.java:116) ~[spring-web-6.2.12.jar:6.2.12]
	at org.springframework.security.web.ObservationFilterChainDecorator$ObservationFilter.wrapFilter(ObservationFilterChainDecorator.java:241) ~[spring-security-web-6.5.6.jar:6.5.6]
	at org.springframework.security.web.ObservationFilterChainDecorator$ObservationFilter.doFilter(ObservationFilterChainDecorator.java:228) ~[spring-security-web-6.5.6.jar:6.5.6]
	at org.springframework.security.web.ObservationFilterChainDecorator$VirtualFilterChain.doFilter(ObservationFilterChainDecorator.java:138) ~[spring-security-web-6.5.6.jar:6.5.6]
	at org.springframework.security.oauth2.server.resource.web.authentication.BearerTokenAuthenticationFilter.doFilterInternal(BearerTokenAuthenticationFilter.java:135) ~[spring-security-oauth2-resource-server-6.5.6.jar:6.5.6]
	at org.springframework.web.filter.OncePerRequestFilter.doFilter(OncePerRequestFilter.java:116) ~[spring-web-6.2.12.jar:6.2.12]
	at org.springframework.security.web.ObservationFilterChainDecorator$ObservationFilter.wrapFilter(ObservationFilterChainDecorator.java:241) ~[spring-security-web-6.5.6.jar:6.5.6]
	at org.springframework.security.web.ObservationFilterChainDecorator$ObservationFilter.doFilter(ObservationFilterChainDecorator.java:228) ~[spring-security-web-6.5.6.jar:6.5.6]
	at org.springframework.security.web.ObservationFilterChainDecorator$VirtualFilterChain.doFilter(ObservationFilterChainDecorator.java:138) ~[spring-security-web-6.5.6.jar:6.5.6]
	at org.springframework.security.web.authentication.logout.LogoutFilter.doFilter(LogoutFilter.java:107) ~[spring-security-web-6.5.6.jar:6.5.6]
	at org.springframework.security.web.authentication.logout.LogoutFilter.doFilter(LogoutFilter.java:93) ~[spring-security-web-6.5.6.jar:6.5.6]
	at org.springframework.security.web.ObservationFilterChainDecorator$ObservationFilter.wrapFilter(ObservationFilterChainDecorator.java:241) ~[spring-security-web-6.5.6.jar:6.5.6]
	at org.springframework.security.web.ObservationFilterChainDecorator$ObservationFilter.doFilter(ObservationFilterChainDecorator.java:228) ~[spring-security-web-6.5.6.jar:6.5.6]
	at org.springframework.security.web.ObservationFilterChainDecorator$VirtualFilterChain.doFilter(ObservationFilterChainDecorator.java:138) ~[spring-security-web-6.5.6.jar:6.5.6]
	at org.springframework.web.filter.CorsFilter.doFilterInternal(CorsFilter.java:91) ~[spring-web-6.2.12.jar:6.2.12]
	at org.springframework.web.filter.OncePerRequestFilter.doFilter(OncePerRequestFilter.java:116) ~[spring-web-6.2.12.jar:6.2.12]
	at org.springframework.security.web.ObservationFilterChainDecorator$ObservationFilter.wrapFilter(ObservationFilterChainDecorator.java:241) ~[spring-security-web-6.5.6.jar:6.5.6]
	at org.springframework.security.web.ObservationFilterChainDecorator$ObservationFilter.doFilter(ObservationFilterChainDecorator.java:228) ~[spring-security-web-6.5.6.jar:6.5.6]
	at org.springframework.security.web.ObservationFilterChainDecorator$VirtualFilterChain.doFilter(ObservationFilterChainDecorator.java:138) ~[spring-security-web-6.5.6.jar:6.5.6]
	at org.springframework.security.web.header.HeaderWriterFilter.doHeadersAfter(HeaderWriterFilter.java:90) ~[spring-security-web-6.5.6.jar:6.5.6]
	at org.springframework.security.web.header.HeaderWriterFilter.doFilterInternal(HeaderWriterFilter.java:75) ~[spring-security-web-6.5.6.jar:6.5.6]
	at org.springframework.web.filter.OncePerRequestFilter.doFilter(OncePerRequestFilter.java:116) ~[spring-web-6.2.12.jar:6.2.12]
	at org.springframework.security.web.ObservationFilterChainDecorator$ObservationFilter.wrapFilter(ObservationFilterChainDecorator.java:241) ~[spring-security-web-6.5.6.jar:6.5.6]
	at org.springframework.security.web.ObservationFilterChainDecorator$ObservationFilter.doFilter(ObservationFilterChainDecorator.java:228) ~[spring-security-web-6.5.6.jar:6.5.6]
	at org.springframework.security.web.ObservationFilterChainDecorator$VirtualFilterChain.doFilter(ObservationFilterChainDecorator.java:138) ~[spring-security-web-6.5.6.jar:6.5.6]
	at org.springframework.security.web.context.SecurityContextHolderFilter.doFilter(SecurityContextHolderFilter.java:82) ~[spring-security-web-6.5.6.jar:6.5.6]
	at org.springframework.security.web.context.SecurityContextHolderFilter.doFilter(SecurityContextHolderFilter.java:69) ~[spring-security-web-6.5.6.jar:6.5.6]
	at org.springframework.security.web.ObservationFilterChainDecorator$ObservationFilter.wrapFilter(ObservationFilterChainDecorator.java:241) ~[spring-security-web-6.5.6.jar:6.5.6]
	at org.springframework.security.web.ObservationFilterChainDecorator$ObservationFilter.doFilter(ObservationFilterChainDecorator.java:228) ~[spring-security-web-6.5.6.jar:6.5.6]
	at org.springframework.security.web.ObservationFilterChainDecorator$VirtualFilterChain.doFilter(ObservationFilterChainDecorator.java:138) ~[spring-security-web-6.5.6.jar:6.5.6]
	at org.springframework.security.web.context.request.async.WebAsyncManagerIntegrationFilter.doFilterInternal(WebAsyncManagerIntegrationFilter.java:62) ~[spring-security-web-6.5.6.jar:6.5.6]
	at org.springframework.web.filter.OncePerRequestFilter.doFilter(OncePerRequestFilter.java:116) ~[spring-web-6.2.12.jar:6.2.12]
	at org.springframework.security.web.ObservationFilterChainDecorator$ObservationFilter.wrapFilter(ObservationFilterChainDecorator.java:241) ~[spring-security-web-6.5.6.jar:6.5.6]
	at org.springframework.security.web.ObservationFilterChainDecorator$ObservationFilter.doFilter(ObservationFilterChainDecorator.java:228) ~[spring-security-web-6.5.6.jar:6.5.6]
	at org.springframework.security.web.ObservationFilterChainDecorator$VirtualFilterChain.doFilter(ObservationFilterChainDecorator.java:138) ~[spring-security-web-6.5.6.jar:6.5.6]
	at org.springframework.security.web.session.DisableEncodeUrlFilter.doFilterInternal(DisableEncodeUrlFilter.java:42) ~[spring-security-web-6.5.6.jar:6.5.6]
	at org.springframework.web.filter.OncePerRequestFilter.doFilter(OncePerRequestFilter.java:116) ~[spring-web-6.2.12.jar:6.2.12]
	at org.springframework.security.web.ObservationFilterChainDecorator$ObservationFilter.wrapFilter(ObservationFilterChainDecorator.java:241) ~[spring-security-web-6.5.6.jar:6.5.6]
	at org.springframework.security.web.ObservationFilterChainDecorator$AroundFilterObservation$SimpleAroundFilterObservation.lambda$wrap$0(ObservationFilterChainDecorator.java:334) ~[spring-security-web-6.5.6.jar:6.5.6]
	at org.springframework.security.web.ObservationFilterChainDecorator$ObservationFilter.doFilter(ObservationFilterChainDecorator.java:225) ~[spring-security-web-6.5.6.jar:6.5.6]
	at org.springframework.security.web.ObservationFilterChainDecorator$VirtualFilterChain.doFilter(ObservationFilterChainDecorator.java:138) ~[spring-security-web-6.5.6.jar:6.5.6]
	at org.springframework.security.web.FilterChainProxy.doFilterInternal(FilterChainProxy.java:233) ~[spring-security-web-6.5.6.jar:6.5.6]
	at org.springframework.security.web.FilterChainProxy.doFilter(FilterChainProxy.java:191) ~[spring-security-web-6.5.6.jar:6.5.6]
	at org.springframework.web.filter.CompositeFilter$VirtualFilterChain.doFilter(CompositeFilter.java:113) ~[spring-web-6.2.12.jar:6.2.12]
	at org.springframework.web.filter.ServletRequestPathFilter.doFilter(ServletRequestPathFilter.java:52) ~[spring-web-6.2.12.jar:6.2.12]
	at org.springframework.web.filter.CompositeFilter$VirtualFilterChain.doFilter(CompositeFilter.java:113) ~[spring-web-6.2.12.jar:6.2.12]
	at org.springframework.web.filter.CompositeFilter.doFilter(CompositeFilter.java:74) ~[spring-web-6.2.12.jar:6.2.12]
	at org.springframework.security.config.annotation.web.configuration.WebSecurityConfiguration$CompositeFilterChainProxy.doFilter(WebSecurityConfiguration.java:319) ~[spring-security-config-6.5.6.jar:6.5.6]
	at org.springframework.web.filter.CompositeFilter$VirtualFilterChain.doFilter(CompositeFilter.java:113) ~[spring-web-6.2.12.jar:6.2.12]
	at org.springframework.web.servlet.handler.HandlerMappingIntrospector.lambda$createCacheFilter$4(HandlerMappingIntrospector.java:267) ~[spring-webmvc-6.2.12.jar:6.2.12]
	at org.springframework.web.filter.CompositeFilter$VirtualFilterChain.doFilter(CompositeFilter.java:113) ~[spring-web-6.2.12.jar:6.2.12]
	at org.springframework.web.filter.CompositeFilter.doFilter(CompositeFilter.java:74) ~[spring-web-6.2.12.jar:6.2.12]
	at org.springframework.security.config.annotation.web.configuration.WebMvcSecurityConfiguration$CompositeFilterChainProxy.doFilter(WebMvcSecurityConfiguration.java:240) ~[spring-security-config-6.5.6.jar:6.5.6]
	at org.springframework.web.filter.DelegatingFilterProxy.invokeDelegate(DelegatingFilterProxy.java:362) ~[spring-web-6.2.12.jar:6.2.12]
	at org.springframework.web.filter.DelegatingFilterProxy.doFilter(DelegatingFilterProxy.java:278) ~[spring-web-6.2.12.jar:6.2.12]
	at org.apache.catalina.core.ApplicationFilterChain.internalDoFilter(ApplicationFilterChain.java:164) ~[catalina.jar:10.1.46]
	at org.apache.catalina.core.ApplicationFilterChain.doFilter(ApplicationFilterChain.java:140) ~[catalina.jar:10.1.46]
	at org.springframework.web.filter.ServerHttpObservationFilter.doFilterInternal(ServerHttpObservationFilter.java:110) ~[spring-web-6.2.12.jar:6.2.12]
	at org.springframework.web.filter.OncePerRequestFilter.doFilter(OncePerRequestFilter.java:116) ~[spring-web-6.2.12.jar:6.2.12]
	at org.apache.catalina.core.ApplicationFilterChain.internalDoFilter(ApplicationFilterChain.java:164) ~[catalina.jar:10.1.46]
	at org.apache.catalina.core.ApplicationFilterChain.doFilter(ApplicationFilterChain.java:140) ~[catalina.jar:10.1.46]
	at org.springframework.boot.web.servlet.support.ErrorPageFilter.doFilter(ErrorPageFilter.java:124) ~[spring-boot-3.5.7.jar:3.5.7]
	at org.springframework.boot.web.servlet.support.ErrorPageFilter$1.doFilterInternal(ErrorPageFilter.java:99) ~[spring-boot-3.5.7.jar:3.5.7]
	at org.springframework.web.filter.OncePerRequestFilter.doFilter(OncePerRequestFilter.java:116) ~[spring-web-6.2.12.jar:6.2.12]
	at org.springframework.boot.web.servlet.support.ErrorPageFilter.doFilter(ErrorPageFilter.java:117) ~[spring-boot-3.5.7.jar:3.5.7]
	at org.apache.catalina.core.ApplicationFilterChain.internalDoFilter(ApplicationFilterChain.java:164) ~[catalina.jar:10.1.46]
	at org.apache.catalina.core.ApplicationFilterChain.doFilter(ApplicationFilterChain.java:140) ~[catalina.jar:10.1.46]
	at org.springframework.web.filter.CharacterEncodingFilter.doFilterInternal(CharacterEncodingFilter.java:201) ~[spring-web-6.2.12.jar:6.2.12]
	at org.springframework.web.filter.OncePerRequestFilter.doFilter(OncePerRequestFilter.java:116) ~[spring-web-6.2.12.jar:6.2.12]
	at org.apache.catalina.core.ApplicationFilterChain.internalDoFilter(ApplicationFilterChain.java:164) ~[catalina.jar:10.1.46]
	at org.apache.catalina.core.ApplicationFilterChain.doFilter(ApplicationFilterChain.java:140) ~[catalina.jar:10.1.46]
	at org.apache.catalina.core.StandardWrapperValve.invoke(StandardWrapperValve.java:167) ~[catalina.jar:10.1.46]
	at org.apache.catalina.core.StandardContextValve.invoke(StandardContextValve.java:90) ~[catalina.jar:10.1.46]
	at org.apache.catalina.authenticator.AuthenticatorBase.invoke(AuthenticatorBase.java:483) ~[catalina.jar:10.1.46]
	at org.apache.catalina.core.StandardHostValve.invoke(StandardHostValve.java:116) ~[catalina.jar:10.1.46]
	at org.apache.catalina.valves.ErrorReportValve.invoke(ErrorReportValve.java:93) ~[catalina.jar:10.1.46]
	at org.apache.catalina.valves.AbstractAccessLogValve.invoke(AbstractAccessLogValve.java:666) ~[catalina.jar:10.1.46]
	at org.apache.catalina.core.StandardEngineValve.invoke(StandardEngineValve.java:74) ~[catalina.jar:10.1.46]
	at org.apache.catalina.connector.CoyoteAdapter.service(CoyoteAdapter.java:344) ~[catalina.jar:10.1.46]
	at org.apache.coyote.http11.Http11Processor.service(Http11Processor.java:398) ~[tomcat-coyote.jar:10.1.46]
	at org.apache.coyote.AbstractProcessorLight.process(AbstractProcessorLight.java:63) ~[tomcat-coyote.jar:10.1.46]
	at org.apache.coyote.AbstractProtocol$ConnectionHandler.process(AbstractProtocol.java:903) ~[tomcat-coyote.jar:10.1.46]
	at org.apache.tomcat.util.net.NioEndpoint$SocketProcessor.doRun(NioEndpoint.java:1776) ~[tomcat-coyote.jar:10.1.46]
	at org.apache.tomcat.util.net.SocketProcessorBase.run(SocketProcessorBase.java:52) ~[tomcat-coyote.jar:10.1.46]
	at org.apache.tomcat.util.threads.ThreadPoolExecutor.runWorker(ThreadPoolExecutor.java:975) ~[tomcat-util.jar:10.1.46]
	at org.apache.tomcat.util.threads.ThreadPoolExecutor$Worker.run(ThreadPoolExecutor.java:493) ~[tomcat-util.jar:10.1.46]
	at org.apache.tomcat.util.threads.TaskThread$WrappingRunnable.run(TaskThread.java:63) ~[tomcat-util.jar:10.1.46]
	at java.base/java.lang.Thread.run(Thread.java:840) ~[na:na]

